Tipo Fondo,Fondo Mutuo,Administradora,Fec. Inicio Operación,Moneda Cuota,Valor Cuota,Rentabilidad 2024,Rentabilidad 2023,Rentabilidad 2022,Rentabilidad 2021,Rentabilidad 2020,Rentabilidad 2019,Rentabilidad 2018,Rentabilidad 2017,Rentabilidad 2016,Rentabilidad 2015,Rentabilidad 2014,Patrimonio S/.,Partícipes N
Renta Variable,CREDICORP ACCIONES GLOBAL CREDIFONDO SAF,CREDIFONDO SAF,25/03/2013,$,180.92,0.0967,0.1656,-0.2041,0.1397,0.1303,0.2313,-0.1154,0.2009,0.0315,-0.0556,-0.0042,23652842.51,894.0
Renta Variable,CREDICORP CAPITAL ACCIONES CREDIFONDO SAF,CREDIFONDO SAF,17/01/2007,$,166.16,0.106,0.228,0.0215,-0.0644,-0.0588,0.0563,-0.1253,0.2724,0.5416,-0.4038,-0.116,43751750.38,564.0
Renta Variable,Faro Global Innovation Instit. FARO CAPITAL SAFI,FARO CAPITAL SAFI,27/01/2020,$,0.0,,,,,,,,,,,,18290288.23,30.0
Renta Variable,FARO CAPITAL SAFI-Faro Global Innovation Instit. SERIE A,FARO CAPITAL SAFI,27/01/2020,$,93.67,0.0684,0.2314,-0.3026,-0.1966,,,,,,,,,1.0
Renta Variable,FARO CAPITAL SAFI-Faro Global Innovation Instit. SERIE B,FARO CAPITAL SAFI,27/01/2020,$,126.75,0.0671,0.2285,-0.3043,-0.0248,,,,,,,,,4.0
Renta Variable,FARO CAPITAL SAFI-Faro Global Innovation Instit. SERIE C,FARO CAPITAL SAFI,27/01/2020,$,125.42,0.0658,0.2256,-0.3059,-0.0271,0.4255,,,,,,,,25.0
Renta Variable,FARO RENTA VARIABLE GLOBAL FARO CAPITAL SAFI,FARO CAPITAL SAFI,29/05/2018,$,0.0,,,,,,,,,,,,71182192.03,55.0
Renta Variable,FARO CAPITAL SAFI-FARO RENTA VARIABLE GLOBAL SERIE A,FARO CAPITAL SAFI,29/05/2018,$,147.85,0.0925,0.1724,-0.206,0.1192,0.2443,0.1666,-0.1108,,,,,,3.0
Renta Variable,FARO CAPITAL SAFI-FARO RENTA VARIABLE GLOBAL SERIE B,FARO CAPITAL SAFI,29/05/2018,$,145.26,0.0912,0.1697,-0.208,0.1165,0.2414,0.1618,-0.1133,,,,,,8.0
Renta Variable,FARO CAPITAL SAFI-FARO RENTA VARIABLE GLOBAL SERIE C,FARO CAPITAL SAFI,29/05/2018,$,141.09,0.0886,0.1642,-0.2117,0.1113,0.2356,0.156,-0.1158,,,,,,44.0
Renta Variable,IF ACCIONES INTERFONDO,INTERFONDO,19/01/2007,S/.,108.08,0.0767,0.1398,-0.0743,0.075,0.0031,-0.0132,-0.0914,0.2204,0.4764,-0.3053,-0.075,11369090.21,1260.0
Renta Variable,Promoinvest Fondo Selectivo PROMOINVEST SAF,PROMOINVEST SAF,14/01/1999,$,3.19,0.0714,0.0595,-0.0381,0.03,-0.1799,-0.0352,-0.1698,0.2781,0.7177,-0.5004,-0.1759,5020514.18,465.0
Renta Variable,SCOTIA FONDO ACCIONES SCOTIA FONDOS,SCOTIA FONDOS,2/4/08,S/.,10.89,0.1232,0.1729,-0.0373,-0.0551,0.0045,-0.0032,-0.1278,0.0711,0.4648,-0.348,-0.0725,3608854.69,206.0
Renta Variable,SURA ACCIONES FONDOS SURA SAF,FONDOS SURA SAF,22/01/2007,S/.,15.86,0.0959,0.202,-0.0726,0.0576,0.0648,0.0142,-0.0982,0.2643,0.5058,-0.3078,-0.0779,16161926.13,670.0
Corto Plazo Soles,Prudential Corto Plazo S/. PRUDENTIALSAF SAF,PRUDENTIALSAF SAF,4/4/24,S/.,0.0,,,,,,,,,,,,15373472.67,106.0
Corto Plazo Soles,PRUDENTIALSAF SAF-Prudential Corto Plazo S/. SERIE A,PRUDENTIALSAF SAF,4/4/24,S/.,10.49,0.0125,,,,,,,,,,,,102.0
Corto Plazo Soles,PRUDENTIALSAF SAF-Prudential Corto Plazo S/. SERIE B,PRUDENTIALSAF SAF,4/4/24,S/.,10.39,0.0125,,,,,,,,,,,,4.0
Corto Plazo Dólares,Andean Crown Cash Plus $ ANDEAN CROWN SAF S.A.C.,ANDEAN CROWN SAF S.A.C.,12/4/24,$,0.0,,,,,,,,,,,,1161741.93,37.0
Corto Plazo Dólares,ANDEAN CROWN SAF S.A.C.-Andean Crown Cash Plus $ SERIE A,ANDEAN CROWN SAF S.A.C.,12/4/24,$,10.15,0.0097,,,,,,,,,,,,35.0
Corto Plazo Dólares,ANDEAN CROWN SAF S.A.C.-Andean Crown Cash Plus $ SERIE B,ANDEAN CROWN SAF S.A.C.,12/4/24,$,10.16,0.0104,,,,,,,,,,,,2.0
Estructurado,BTG Rendimiento $ 1 FMIV BTG PACTUAL PERU SAF,BTG PACTUAL PERU SAF,28/12/2023,$,104.58,0.0277,-0.0019,,,,,,,,,,1820826.31,17.0
Estructurado,CC BARRERA CONDICIONAL XIII CREDIFONDO SAF,CREDIFONDO SAF,15/06/2022,$,107.27,-0.0149,0.0037,0.0846,,,,,,,,,19894485.92,147.0
Estructurado,CC CUPON ESCALONADO LI CREDIFONDO SAF,CREDIFONDO SAF,23/01/2024,$,102.18,0.02,,,,,,,,,,,55661076.93,214.0
Estructurado,CC CUPON ESCALONADO LII CREDIFONDO SAF,CREDIFONDO SAF,23/01/2024,$,103.64,0.0346,,,,,,,,,,,88997312.26,273.0
Estructurado,CC CUPON ESCALONADO LIII CREDIFONDO SAF,CREDIFONDO SAF,26/02/2024,$,101.55,,,,,,,,,,,,1.08,1.0
Estructurado,CC CUPON ESCALONADO LIV CREDIFONDO SAF,CREDIFONDO SAF,26/02/2024,$,101.85,0.0153,,,,,,,,,,,61849690.55,189.0
Estructurado,CC CUPON ESCALONADO LIX CREDIFONDO SAF,CREDIFONDO SAF,2/5/24,$,100.98,0.0073,,,,,,,,,,,135212406.55,364.0
Estructurado,CC CUPON ESCALONADO LV CREDIFONDO SAF,CREDIFONDO SAF,26/02/2024,$,101.63,0.0132,,,,,,,,,,,74719464.96,245.0
Estructurado,CC CUPON ESCALONADO LVI CREDIFONDO SAF,CREDIFONDO SAF,2/4/24,$,101.45,0.0112,,,,,,,,,,,355881284.29,1130.0
Estructurado,CC CUPON ESCALONADO LVII CREDIFONDO SAF,CREDIFONDO SAF,2/4/24,$,101.36,0.0104,,,,,,,,,,,66742367.48,224.0
Estructurado,CC CUPON ESCALONADO LVIII CREDIFONDO SAF,CREDIFONDO SAF,2/4/24,$,102.01,0.0171,,,,,,,,,,,95406275.13,379.0
Estructurado,CC CUPON ESCALONADO LX CREDIFONDO SAF,CREDIFONDO SAF,2/5/24,$,100.96,0.0072,,,,,,,,,,,30587685.33,115.0
Estructurado,CC CUPON ESCALONADO LXI CREDIFONDO SAF,CREDIFONDO SAF,2/5/24,$,101.29,0.01,,,,,,,,,,,66128304.0,207.0
Estructurado,CC CUPON ESCALONADO LXII CREDIFONDO SAF,CREDIFONDO SAF,13/06/2024,$,100.66,0.0019,,,,,,,,,,,129796442.5,390.0
Estructurado,CC CUPON ESCALONADO LXIII CREDIFONDO SAF,CREDIFONDO SAF,13/06/2024,$,100.65,0.0017,,,,,,,,,,,37038407.09,158.0
Estructurado,CC CUPON ESCALONADO LXIV CREDIFONDO SAF,CREDIFONDO SAF,13/06/2024,$,100.7,0.0022,,,,,,,,,,,90101704.17,335.0
Estructurado,CC CUPON ESCALONADO XL CREDIFONDO SAF,CREDIFONDO SAF,7/9/23,$,103.84,0.0228,0.0153,,,,,,,,,,59736699.42,226.0
Estructurado,CC CUPON ESCALONADO XLIII CREDIFONDO SAF,CREDIFONDO SAF,6/10/23,$,103.89,0.0203,0.0163,,,,,,,,,,49513048.95,176.0
Estructurado,CC CUPON ESCALONADO XLIX CREDIFONDO SAF,CREDIFONDO SAF,27/12/2023,$,102.54,0.0225,0.0006,,,,,,,,,,113085083.57,399.0
Estructurado,CC CUPON ESCALONADO XLVI CREDIFONDO SAF,CREDIFONDO SAF,16/11/2023,$,103.15,0.0228,0.0086,,,,,,,,,,158262440.38,523.0
Estructurado,CC CUPON ESCALONADO XLVIII CREDIFONDO SAF,CREDIFONDO SAF,22/12/2023,$,102.49,0.0227,0.0001,,,,,,,,,,54893114.88,210.0
Estructurado,CC CUPON ESCALONADO XXXII CREDIFONDO SAF,CREDIFONDO SAF,29/05/2023,$,105.12,,0.0272,,,,,,,,,,-0.03,1.0
Estructurado,CC CUPON ESCALONADO XXXVI CREDIFONDO SAF,CREDIFONDO SAF,17/08/2023,$,104.41,0.0245,0.0177,,,,,,,,,,53988606.92,219.0
Estructurado,IF 34 Custodia Dolares FMIV INTERFONDO,INTERFONDO,26/06/2023,$,52.56,,0.0234,,,,,,,,,,-34.12,356.0
Estructurado,IF 35 Custodia Dólares FMIV INTERFONDO,INTERFONDO,27/11/2023,$,51.67,0.0231,0.0071,,,,,,,,,,71394925.06,395.0
Estructurado,IF 36 Custodio Dólares FMIV INTERFONDO,INTERFONDO,21/12/2023,$,51.39,0.022,0.0028,,,,,,,,,,59557710.3,320.0
Estructurado,IF 37 Custodia Dólares FMIV INTERFONDO,INTERFONDO,23/01/2024,$,51.05,0.0172,,,,,,,,,,,49346705.56,382.0
Estructurado,IF 38 Custodia Dólares INTERFONDO,INTERFONDO,26/02/2024,$,50.66,0.011,,,,,,,,,,,55363036.82,336.0
Estructurado,IF 39 Custodia Dólares INTERFONDO,INTERFONDO,27/06/2024,$,50.14,0.0002,,,,,,,,,,,70962943.98,418.0
Estructurado,SF Inversiones Smart $ I SCOTIA FONDOS,SCOTIA FONDOS,6/6/24,$,100.6,0.0024,,,,,,,,,,,92858016.84,301.0
Estructurado,SF Rendimiento Binario $ XI SCOTIA FONDOS,SCOTIA FONDOS,1/9/22,$,104.52,0.0181,0.0289,-0.0052,,,,,,,,,66885621.22,238.0
Renta Mixta Crecimiento Soles,CRED. CRECIMIENTO VCS CREDIFONDO SAF,CREDIFONDO SAF,19/06/2008,S/.,161.29,0.1046,0.1561,-0.007,0.0144,0.0319,0.039,-0.0641,0.1833,0.3873,-0.2569,-0.0369,28881277.77,543.0
Renta Mixta Balanceado Dólares,CRED. EQUILIBRADO CREDIFONDO SAF,CREDIFONDO SAF,9/3/07,$,142.97,0.0553,0.1281,-0.0036,-0.0317,-0.0131,0.0576,-0.0723,0.1401,0.2536,-0.2343,-0.0592,20440564.99,337.0
Renta Mixta Balanceado Dólares,IF MIXTO BALANCEADO INTERFONDO,INTERFONDO,31/12/1995,$,67.19,0.0418,0.1257,-0.0022,-0.0388,-0.0322,0.0162,-0.0673,0.1365,0.2485,-0.2057,-0.0538,14932309.87,638.0
Renta Mixta Balanceado Dólares,SCOTIA FONDO MIXTO BALANCEADO SCOTIA FONDOS,SCOTIA FONDOS,17/04/2007,$,10.49,0.0093,0.0994,0.0318,-0.0841,-0.0418,0.0268,-0.0685,0.0608,0.2688,-0.2327,-0.0668,5167666.46,235.0
Renta Mixta Moderado Soles,CRED. MODERADO VCS CREDIFONDO SAF,CREDIFONDO SAF,16/06/2008,S/.,156.9,0.0477,0.0881,-0.0002,-0.0247,0.0285,0.0395,-0.0157,0.0945,0.1572,-0.0874,0.0066,9813144.61,261.0
Renta Mixta Moderado Soles,IF INVERSION FLEXIBLE INTERFONDO,INTERFONDO,30/10/2007,S/.,156.11,0.0539,0.0684,0.0086,0.0011,0.0125,0.0177,-0.0048,0.0933,0.1824,-0.0636,0.0278,10836845.71,326.0
Renta Mixta Moderado Dólares,CRED. MODERADO CREDIFONDO SAF,CREDIFONDO SAF,14/09/2002,$,56.36,0.0281,0.0766,-0.0166,-0.0229,0.0021,0.0526,-0.0509,0.0781,0.1267,-0.1292,-0.0304,29547475.38,425.0
Inst. Deuda Mediano Plazo S/,BBVA RENTA MED. PLAZO S/. CONTINENTAL FM,CONTINENTAL FM,17/10/1997,S/.,359.06,0.0236,0.1032,0.0056,-0.0486,0.0347,0.0627,0.0154,0.0667,0.0522,0.0084,0.0361,156199815.34,5501.0
Inst. Deuda Mediano Plazo S/,CC CONSERV. MED. PLAZO S/. CREDIFONDO SAF,CREDIFONDO SAF,9/3/07,S/.,200.25,0.0351,0.0917,0.0023,-0.0343,0.0467,0.0619,0.0231,0.0662,0.0651,0.0262,0.0417,368903214.15,4704.0
Inst. Deuda Mediano Plazo S/,IF MEDIANO PLAZO SOLES INTERFONDO,INTERFONDO,14/03/2002,S/.,210.69,0.0308,0.0926,-0.0675,-0.0386,0.0283,0.0492,0.0187,0.0597,0.0465,0.0185,0.041,51557376.94,3229.0
Inst. Deuda Mediano Plazo S/,SURA RENTA SOLES FONDOS SURA SAF,FONDOS SURA SAF,19/05/2006,S/.,217.4,0.0312,0.0786,0.0132,-0.0256,0.0494,0.0569,0.0361,0.0626,0.0566,-0.0016,0.0507,81386921.32,706.0
Inst. Deuda Mediano Plazo $,BBVA RENTA MED. PLAZO $ CONTINENTAL FM,CONTINENTAL FM,21/10/1997,$,200.86,0.0224,0.0607,-0.0366,-0.0268,0.0257,0.0565,-0.0039,0.0245,0.0072,-0.0074,0.0085,177449055.5,2106.0
Inst. Deuda Mediano Plazo $,CREDICORP CONSER. MED. PLA. $ CREDIFONDO SAF,CREDIFONDO SAF,26/03/1996,$,262.2,0.0262,0.0603,-0.036,-0.0063,0.0401,0.0629,-0.0058,0.0303,0.0177,0.0013,0.011,602541809.24,5984.0
Inst. Deuda Mediano Plazo $,IF MEDIANO PLAZO INTERFONDO,INTERFONDO,1/9/97,$,110.99,0.0143,0.0331,-0.0439,-0.0142,0.0309,0.044,-0.0026,0.0228,0.0146,-0.0033,0.0116,82708932.42,3915.0
Inst. Deuda Corto Plazo S/,BBVA CASH SOLES CONTINENTAL FM,CONTINENTAL FM,2/12/08,S/.,159.73,0.0302,0.0713,0.038,0.001,0.0091,0.0249,0.0199,0.0317,0.038,0.0324,0.0294,2336045531.99,70321.0
Inst. Deuda Corto Plazo S/,BBVA PERU SOLES CONTINENTAL FM,CONTINENTAL FM,23/03/2011,S/.,150.16,0.0311,0.0627,0.023,-0.0109,0.0204,0.0234,0.0227,0.0374,0.0429,0.0233,0.0286,6870448.62,315.0
Inst. Deuda Corto Plazo S/,BBVA RENTA CORTO PLAZO S/. CONTINENTAL FM,CONTINENTAL FM,27/12/2005,S/.,192.78,0.0295,0.0768,0.0272,-0.0195,0.0245,0.0378,0.0222,0.045,0.0443,0.0297,0.0326,276014134.68,4905.0
Inst. Deuda Corto Plazo S/,BBVA TESORERIA SOLES FMIV CONTINENTAL FM,CONTINENTAL FM,3/10/18,S/.,123.18,0.0312,0.0708,0.0344,0.0014,0.0138,0.032,0.0073,,,,,201489307.58,381.0
Inst. Deuda Corto Plazo S/,CRED. CONSER. CORTO PLAZO S/ CREDIFONDO SAF,CREDIFONDO SAF,10/2/14,S/.,150.3,0.0326,0.0754,0.0329,-0.0076,0.0307,0.0377,0.0293,0.0457,0.0491,0.0479,0.0321,579456773.92,10438.0
Inst. Deuda Corto Plazo S/,CRED. CONSERVAD. LIQUIDEZ S/ CREDIFONDO SAF,CREDIFONDO SAF,6/4/00,S/.,327.82,0.0296,0.0721,0.0457,0.002,0.0136,0.0302,0.0281,0.0388,0.0424,0.035,0.0334,1882497470.86,30929.0
Inst. Deuda Corto Plazo S/,DIVISO CONSERVADOR SOLES DIVISO FONDOS SAF S.A.,DIVISO FONDOS SAF S.A.,31/07/2013,S/.,146.28,-0.0662,0.077,0.0495,0.0145,0.0217,0.04,0.0361,0.0543,0.0588,0.0383,0.0352,9162875.23,200.0
Inst. Deuda Corto Plazo S/,SF Liquidez S/. SCOTIA FONDOS,SCOTIA FONDOS,30/01/2023,S/.,11.09,0.0271,0.0635,,,,,,,,,,1054430709.68,12662.0
Inst. Deuda Corto Plazo S/,SURA CORTO PLAZO SOLES FONDOS SURA SAF,FONDOS SURA SAF,25/03/2009,S/.,185.23,0.0335,0.067,0.0394,-0.0067,0.0296,0.0429,0.0324,0.0505,0.0526,0.0362,0.0438,104117637.7,730.0
Inst. Deuda Corto Plazo S/,SURA ULTRA CASH SOLES FONDOS SURA SAF,FONDOS SURA SAF,9/5/12,S/.,159.48,0.0309,0.0732,0.0462,0.0052,0.0156,0.0334,0.0303,0.0423,0.048,0.0419,0.0375,1406112805.0,2694.0
Inst. Deuda Corto Plazo $,BBVA CASH DOLARES CONTINENTAL FM,CONTINENTAL FM,2/12/08,$,119.68,0.0247,0.0442,0.0122,0.001,0.0071,0.0188,0.0149,0.0082,0.0035,0.0013,0.0009,2959522214.1,19699.0
Inst. Deuda Corto Plazo $,BBVA RENTA CORTO PLAZO $ CONTINENTAL FM,CONTINENTAL FM,16/06/2000,$,174.98,0.0256,0.0465,0.0036,0.0021,0.0118,0.0238,0.0173,0.0123,0.0084,-0.0056,0.0012,648529608.96,2663.0
Inst. Deuda Corto Plazo $,CRED. CONSER. CORTO PLAZO $ CREDIFONDO SAF,CREDIFONDO SAF,18/02/2014,$,122.39,0.026,0.0516,0.0145,0.0034,0.0241,0.0297,0.0166,0.0135,0.0114,0.0075,0.0038,1352590298.88,5345.0
Inst. Deuda Corto Plazo $,CRED. CONSERVADOR LIQUIDEZ $ CREDIFONDO SAF,CREDIFONDO SAF,6/5/99,$,184.53,0.0253,0.0483,0.0158,0.0028,0.0099,0.0219,0.0164,0.0088,0.0059,0.0043,0.0025,2986046639.47,14539.0
Inst. Deuda Corto Plazo $,DIVISO CONSERVADOR DOLARES DIVISO FONDOS SAF S.A.,DIVISO FONDOS SAF S.A.,19/03/2015,$,111.26,-0.0977,0.0536,0.0088,0.0293,0.0262,0.034,0.0222,0.0191,0.0264,-0.0098,,3993197.7,89.0
Inst. Deuda Corto Plazo $,FARO CORTO PLAZO DOLARES FARO CAPITAL SAFI,FARO CAPITAL SAFI,9/8/22,$,0.0,,,,,,,,,,,,8236943.49,23.0
Inst. Deuda Corto Plazo $,FARO CAPITAL SAFI-FARO CORTO PLAZO DOLARES SERIE A,FARO CAPITAL SAFI,9/8/22,$,104.48,0.0255,0.0089,0.0094,,,,,,,,,,1.0
Inst. Deuda Corto Plazo $,FARO CAPITAL SAFI-FARO CORTO PLAZO DOLARES SERIE B,FARO CAPITAL SAFI,9/8/22,$,108.25,0.0248,0.0448,0.0092,,,,,,,,,,22.0
Inst. Deuda Corto Plazo $,SF LIQUIDEZ $ SCOTIA FONDOS,SCOTIA FONDOS,31/01/2023,$,10.72,0.0238,0.0422,,,,,,,,,,2713326597.72,10060.0
Inst. Deuda Corto Plazo $,SURA CORTO PLAZO DOLARES FONDOS SURA SAF,FONDOS SURA SAF,31/08/2009,$,134.64,0.0253,0.0482,0.0138,0.0065,0.0173,0.0311,0.0216,0.0165,0.0124,0.0052,0.0057,158920758.64,697.0
Inst. Deuda Corto Plazo $,SURA ULTRA CASH DOLARES FONDOS SURA SAF,FONDOS SURA SAF,19/07/2012,$,121.38,0.0254,0.0479,0.0149,0.0041,0.0116,0.025,0.0198,0.0117,0.0069,0.0031,0.0014,1106026102.76,2370.0
Flexible,BLUM BONOS GLOBALES FM BLUM SAF,BLUM SAF,25/03/2024,$,10.1,0.0091,,,,,,,,,,,56543864.08,15.0
Flexible,Blum Capital Global FM BLUM SAF,BLUM SAF,23/09/2022,$,0.0,,,,,,,,,,,,9273273.88,166.0
Flexible,BLUM SAF-Blum Capital Global FM SERIE A,BLUM SAF,23/09/2022,$,12.8,0.0737,0.1345,0.0489,,,,,,,,,9273273.88,3.0
Flexible,BLUM SAF-Blum Capital Global FM SERIE B,BLUM SAF,23/09/2022,$,12.76,0.0726,0.1325,0.0484,,,,,,,,,9273273.88,162.0
Flexible,BLUM SAF-Blum Capital Global FM SERIE I,BLUM SAF,23/09/2022,$,12.85,0.0749,0.1368,0.0494,,,,,,,,,9273273.88,1.0
Flexible,Blum Cash FM BLUM SAF,BLUM SAF,11/8/22,$,10.83,0.0249,0.0459,0.0092,,,,,,,,,28684231.56,155.0
Flexible,Blum Cash S/ FM BLUM SAF,BLUM SAF,12/12/23,S/.,10.93,0.0279,0.0039,,,,,,,,,,2962710.39,363.0
Flexible,BLUM MONEY MARKET $ FM BLUM SAF,BLUM SAF,14/02/2023,$,10.71,0.0262,0.0441,,,,,,,,,,30344010.98,14.0
Flexible,Blum Renta Global FM BLUM SAF,BLUM SAF,16/03/2022,$,0.0,,,,,,,,,,,,6299126.76,120.0
Flexible,BLUM SAF-Blum Renta Global FM SERIE A,BLUM SAF,16/03/2022,$,10.3,0.0273,0.0622,-0.0571,,,,,,,,,6299126.76,8.0
Flexible,BLUM SAF-Blum Renta Global FM SERIE B,BLUM SAF,16/03/2022,$,10.26,0.0263,0.0606,-0.0584,,,,,,,,,6299126.76,112.0
Flexible,BLUM SAF-Blum Renta Global FM SERIE I,BLUM SAF,16/03/2022,$,10.12,,0.0641,-0.0557,,,,,,,,,,1.0
Flexible,CC DEUDA CORPORATIVA SOLES CREDIFONDO SAF,CREDIFONDO SAF,31/07/2019,S/.,116.25,0.0463,0.1362,-0.0539,-0.0377,0.0561,0.0148,,,,,,49666493.01,388.0
Flexible,CC FACTORING $ CREDIFONDO SAF,CREDIFONDO SAF,20/06/2023,$,107.49,0.0353,0.0382,,,,,,,,,,347001866.78,847.0
Flexible,CC RENTA OPERATIVA I (FI) CREDIFONDO SAF,CREDIFONDO SAF,28/06/2019,$,131.37,0.0308,0.0676,0.0549,0.0488,0.048,0.0259,,,,,,146550231.82,535.0
Flexible,CORIL CASH CONSERVADOR S/ CORIL SAF,CORIL SAF,10/8/22,S/.,1121.33,0.0302,0.0625,0.0236,,,,,,,,,5336592.61,24.0
Flexible,CRED CAP FACTORING S/ CREDIFONDO SAF,CREDIFONDO SAF,7/12/20,S/.,126.06,0.0392,0.0829,0.0673,0.0418,0.0048,,,,,,,67014639.52,277.0
Flexible,FARO DEUDA GLOBAL FARO CAPITAL SAFI,FARO CAPITAL SAFI,29/05/2018,$,0.0,,,,,,,,,,,,66166014.71,49.0
Flexible,FARO CAPITAL SAFI-FARO DEUDA GLOBAL SERIE A,FARO CAPITAL SAFI,29/05/2018,$,102.32,-0.0043,0.0447,-0.1174,-0.0194,0.0617,0.0656,0.0039,,,,,,4.0
Flexible,FARO CAPITAL SAFI-FARO DEUDA GLOBAL SERIE B,FARO CAPITAL SAFI,29/05/2018,$,101.43,-0.0049,0.0435,-0.1184,-0.0205,0.0604,0.0635,0.0025,,,,,,8.0
Flexible,FARO CAPITAL SAFI-FARO DEUDA GLOBAL SERIE C,FARO CAPITAL SAFI,29/05/2018,$,100.26,-0.0055,0.0423,-0.1194,-0.0217,0.0592,0.0597,-0.0003,,,,,,37.0
Flexible,IF Futuro Seguro $ INTERFONDO,INTERFONDO,27/12/2021,$,48.73,0.0456,0.0832,-0.1385,-0.0003,,,,,,,,8421311.21,120.0
Flexible,IF Futuro Seguro S/ INTERFONDO,INTERFONDO,27/12/2021,S/.,101.5,0.0456,0.1038,-0.1201,-0.0005,,,,,,,,3569611.0,95.0
Flexible,IF INVERSION GLOBAL INTERFONDO,INTERFONDO,26/01/2015,$,68.5,0.0871,0.1405,-0.2028,0.1175,0.1496,0.1565,-0.088,0.0699,-0.0209,-0.0282,,28609026.84,646.0
Flexible,IF OPORTUNIDAD INTERFONDO,INTERFONDO,6/12/13,$,0.0,,,,,0.0205,0.0269,0.01,0.0141,0.0071,0.0061,0.0024,293054894.42,3848.0
Flexible,INTERFONDO-IF OPORTUNIDAD SERIE A,INTERFONDO,6/12/13,$,58.55,0.0191,0.0336,0.0144,,,,,,,,,,3749.0
Flexible,INTERFONDO-IF OPORTUNIDAD SERIE B,INTERFONDO,6/12/13,$,58.92,0.0201,0.0354,0.0162,,,,,,,,,,94.0
Flexible,INTERFONDO-IF OPORTUNIDAD SERIE C,INTERFONDO,6/12/13,$,58.55,,,,,,,,,,,,,5.0
Flexible,IF OPORTUNIDAD SOLES INTERFONDO,INTERFONDO,16/11/2012,S/.,0.0,,,,,,0.0352,0.0219,0.0427,0.0404,0.0388,0.0329,419861239.57,6606.0
Flexible,INTERFONDO-IF OPORTUNIDAD SOLES SERIE A,INTERFONDO,16/11/2012,S/.,144.59,0.0294,0.078,0.0026,-0.0101,,,,,,,,,6493.0
Flexible,INTERFONDO-IF OPORTUNIDAD SOLES SERIE B,INTERFONDO,16/11/2012,S/.,145.24,0.03,0.0792,0.0038,-0.0089,,,,,,,,,38.0
Flexible,INTERFONDO-IF OPORTUNIDAD SOLES SERIE C,INTERFONDO,16/11/2012,S/.,144.61,,,,,,,,,,,,,75.0
Flexible,IF Portafolio Dinámico INTERFONDO,INTERFONDO,28/12/2017,$,71.54,0.0205,0.0504,0.0282,0.0217,0.0592,0.0688,0.1158,0.0007,,,,86104540.3,488.0
Flexible,IF Portafolio Dinamico Soles INTERFONDO,INTERFONDO,5/5/21,S/.,0.0,,,0.1022,0.0998,,,,,,,,428574973.53,3533.0
Flexible,INTERFONDO-IF Portafolio Dinamico Soles SERIE A,INTERFONDO,5/5/21,S/.,133.73,0.0274,,,,,,,,,,,,3479.0
Flexible,INTERFONDO-IF Portafolio Dinamico Soles SERIE B,INTERFONDO,5/5/21,S/.,134.14,0.0298,,,,,,,,,,,,54.0
Flexible,INDEPENDIENTE PMG INDEPENDIENTE SAF,INDEPENDIENTE SAF,31/12/2020,$,107.58,0.0428,0.0829,-0.0881,0.0472,-0.0028,,,,,,,52449627.44,955.0
Flexible,SCOTIA DEPÓSITO DISPONIBLE S/. SCOTIA FONDOS,SCOTIA FONDOS,16/08/2011,S/.,12.31,0.0379,-0.1296,0.0109,0.0089,0.0196,0.0294,0.0268,0.0382,0.042,0.0337,0.0304,61404110.36,8312.0
Flexible,SCOTIA FONDO CASH $ SCOTIA FONDOS,SCOTIA FONDOS,7/3/01,$,16.17,0.0242,-0.031,-0.0186,0.0094,0.0135,0.0289,0.0157,0.0146,0.0099,0.0048,0.0026,66840621.79,2078.0
Flexible,SCOTIA FONDO CASH S/. SCOTIA FONDOS,SCOTIA FONDOS,21/06/2001,S/.,20.65,0.0256,-0.0619,-0.0177,-0.0054,0.0358,0.0396,0.0269,0.0438,0.0462,0.0351,0.0348,61040534.4,5515.0
Flexible,SCOTIA FONDO PREMIUM $ SCOTIA FONDOS,SCOTIA FONDOS,2/7/96,$,20.38,0.0143,0.0339,-0.2472,-0.0048,0.0528,0.0494,0.0037,0.0228,0.017,-0.0066,0.0116,40478822.19,1768.0
Flexible,SCOTIA FONDO PREMIUM S/. SCOTIA FONDOS,SCOTIA FONDOS,17/04/2007,S/.,11.96,0.0074,-0.0023,-0.3065,-0.0062,0.0589,0.0662,-0.0062,0.0608,0.0418,0.0265,0.0438,11720505.64,1757.0
Flexible,SF Corto Plazo Plus $ SCOTIA FONDOS,SCOTIA FONDOS,1/12/23,$,10.43,0.0242,0.0057,,,,,,,,,,486410149.3,1118.0
Flexible,SF Corto Plazo Plus S/ SCOTIA FONDOS,SCOTIA FONDOS,28/02/2024,S/.,10.21,0.0172,,,,,,,,,,,52518855.77,336.0
Flexible,SF INST DE RENTA $ IX SCOTIA FONDOS,SCOTIA FONDOS,25/04/2023,$,1143.79,0.0026,0.1371,,,,,,,,,,11393639.67,12.0
Flexible,SF Inst. Renta $ VIII SCOTIA FONDOS,SCOTIA FONDOS,13/12/2022,$,1124.99,-0.021,0.1926,-0.0398,,,,,,,,,65933649.14,39.0
Flexible,SF INSTI DE RENTA $ X SCOTIA FONDOS,SCOTIA FONDOS,9/5/23,$,1133.15,-0.0026,0.1307,,,,,,,,,,27403519.74,29.0
Flexible,SF Insti Renta S/ 1Y II SCOTIA FONDOS,SCOTIA FONDOS,28/05/2024,S/.,1009.17,0.0049,,,,,,,,,,,72009791.65,12.0
Flexible,SF Institucional de Renta $ XI SCOTIA FONDOS,SCOTIA FONDOS,5/9/23,$,1056.79,-0.005,0.0584,,,,,,,,,,28252593.7,37.0
Flexible,SF Institucional Renta $ V SCOTIA FONDOS,SCOTIA FONDOS,4/5/22,$,1109.89,-0.0252,0.0841,0.0491,,,,,,,,,129050225.68,93.0
Flexible,SF Institucional Renta $ VI SCOTIA FONDOS,SCOTIA FONDOS,16/08/2022,$,1140.63,-0.0248,0.1472,0.0168,,,,,,,,,115563554.24,59.0
Flexible,SF Institucional Renta $ VII SCOTIA FONDOS,SCOTIA FONDOS,12/7/22,$,1049.38,-0.0132,0.0205,0.0404,,,,,,,,,36491467.89,46.0
Flexible,SF INSTITUCIONAL RENTA SOL 1Y SCOTIA FONDOS,SCOTIA FONDOS,17/08/2023,S/.,1082.81,0.0426,0.0323,,,,,,,,,,85205213.02,10.0
Flexible,SF Nota Estructurada VIII SCOTIA FONDOS,SCOTIA FONDOS,10/5/24,$,103.61,0.0328,,,,,,,,,,,22535466.5,48.0
Flexible,SF RENTA $ 1Y VI SCOTIA FONDOS,SCOTIA FONDOS,13/07/2023,$,10.6,0.0291,0.0277,,,,,,,,,,111005824.41,226.0
Flexible,SF Renta $ 1Y VII SCOTIA FONDOS,SCOTIA FONDOS,13/12/2023,$,10.37,0.0294,0.0033,,,,,,,,,,257684238.36,481.0
Flexible,SF Renta $ 1Y VIII SCOTIA FONDOS,SCOTIA FONDOS,3/4/24,$,10.16,0.0133,,,,,,,,,,,186694501.72,254.0
Flexible,SF RENTA $ 6M XIX SCOTIA FONDOS,SCOTIA FONDOS,2/2/24,$,10.26,0.0223,,,,,,,,,,,274616552.91,549.0
Flexible,SF Renta $ 6M XX SCOTIA FONDOS,SCOTIA FONDOS,3/4/24,$,10.17,0.0137,,,,,,,,,,,185898855.48,471.0
Flexible,SF RENTA SOLES 6M V SCOTIA FONDOS,SCOTIA FONDOS,19/06/2024,S/.,10.06,-0.8997,,,,,,,,,,,300219846.01,802.0
Flexible,SFNotaEstructurada IV-F. Insti SCOTIA FONDOS,SCOTIA FONDOS,4/1/22,$,94.73,0.046,0.0312,-0.1222,,,,,,,,,33859137.65,53.0
Fondo de Fondos,INDEPENDIENTE SAF,INDEPENDIENTE SAF,11/6/24,$,0.0,,,,,,,,,,,,8864774.44,31.0
Fondo de Fondos,INDEPENDIENTE SAF-- SERIE A,INDEPENDIENTE SAF,11/6/24,$,100.13,0.0013,,,,,,,,,,,,30.0
Fondo de Fondos,INDEPENDIENTE SAF-- SERIE D,INDEPENDIENTE SAF,11/6/24,$,100.13,0.0013,,,,,,,,,,,,1.0
Fondo de Fondos,CRED CAP. INVESTMENT GRADE CREDIFONDO SAF,CREDIFONDO SAF,4/9/18,$,114.66,0.0167,0.0595,-0.1081,-0.0218,0.0879,0.1227,-0.0046,,,,,156749435.46,884.0
Fondo de Fondos,CRED CAP VISION I CREDIFONDO SAF,CREDIFONDO SAF,8/2/16,$,116.91,0.0154,0.0579,-0.1388,0.0027,0.0607,0.102,-0.0483,0.0649,0.0624,,,103351707.36,697.0
Fondo de Fondos,CRED CAP VISION III CREDIFONDO SAF,CREDIFONDO SAF,10/2/16,$,152.44,0.0594,0.1175,-0.1779,0.0824,0.1012,0.1816,-0.1068,0.1531,0.0748,,,40423385.44,721.0
Fondo de Fondos,CRED. DEUDA GLOBAL CREDIFONDO SAF,CREDIFONDO SAF,25/03/2013,$,111.23,0.0097,0.0555,-0.1555,-0.0117,0.0619,0.1042,-0.0454,0.0583,0.0865,-0.0206,0.0221,19944546.16,596.0
Fondo de Fondos,CRED. EQUILIBRADO VCS CREDIFONDO SAF,CREDIFONDO SAF,16/06/2008,S/.,112.7,0.0763,0.0662,-0.2027,-0.0573,0.0291,0.0381,-0.0384,0.1407,0.273,-0.1771,-0.0156,10237570.4,840.0
Fondo de Fondos,CREDI. ACC. LATAM-PACIFICO CREDIFONDO SAF,CREDIFONDO SAF,14/08/2012,$,52.5,-0.1695,0.2669,-0.0187,-0.0882,-0.0586,0.1015,-0.1483,0.1436,0.0593,-0.2855,-0.1583,9461290.73,185.0
Fondo de Fondos,CREDICORP ACCIONES ASIA CREDIFONDO SAF,CREDIFONDO SAF,5/6/17,$,123.37,0.0709,0.0039,-0.1841,-0.0437,0.2473,0.2103,-0.1548,0.1515,,,,28871338.28,470.0
Fondo de Fondos,CREDICORP ACCIONES EEUU CREDIFONDO SAF,CREDIFONDO SAF,26/05/2017,$,228.06,0.1267,0.3441,-0.3016,0.1873,0.2882,0.2928,-0.0293,0.1122,,,,166762599.17,2004.0
Fondo de Fondos,CREDICORP ACCIONES EUROPA CREDIFONDO SAF,CREDIFONDO SAF,26/05/2017,$,172.41,0.0821,0.2146,-0.2655,0.2902,0.1404,0.364,-0.1207,0.0042,,,,55238012.25,898.0
Fondo de Fondos,Credicorp Activos Preferentes CREDIFONDO SAF,CREDIFONDO SAF,6/6/18,$,117.23,0.0348,0.0709,-0.1028,0.0127,0.0406,0.147,-0.0309,,,,,64817785.58,444.0
Fondo de Fondos,CREDICORP DEUDA FLOTANTE CREDIFONDO SAF,CREDIFONDO SAF,2/3/17,$,124.91,0.0302,0.1029,-0.0382,0.0616,0.0066,0.0624,-0.0101,0.0144,,,,72568757.05,696.0
Fondo de Fondos,CREDICORP DEUDA HIGH YIELD CREDIFONDO SAF,CREDIFONDO SAF,2/3/17,$,124.3,0.0188,0.1006,-0.0862,0.0227,0.0363,0.1245,-0.0235,0.0397,,,,120179522.08,642.0
Fondo de Fondos,FdeF BBVA Apreciacion Capital CONTINENTAL FM,CONTINENTAL FM,24/01/2014,$,136.89,0.075,0.1372,-0.094,0.0973,0.0387,0.0863,-0.0415,0.0894,-0.0017,-0.0638,0.0193,40995515.82,319.0
Fondo de Fondos,FdeF BBVA Generacion de Flujo CONTINENTAL FM,CONTINENTAL FM,1/3/10,$,96.34,-0.002,0.0563,-0.143,0.0237,0.0309,-0.0078,-0.086,0.1234,0.2272,-0.2186,-0.069,39803103.56,191.0
Fondo de Fondos,FdeF BBVA Preservacion Capital CONTINENTAL FM,CONTINENTAL FM,23/02/2010,$,103.77,0.0161,0.0452,-0.0085,-0.0039,0.0108,-0.0011,-0.0519,0.0464,0.0972,-0.1198,-0.0425,25476542.62,100.0
Fondo de Fondos,FdeF BTG Renta Internacional BTG PACTUAL PERU SAF,BTG PACTUAL PERU SAF,16/10/2020,$,0.0,,,,,,,,,,,,3760023.89,13.0
Fondo de Fondos,BTG PACTUAL PERU SAF-FdeF BTG Renta Internacional SERIE A,BTG PACTUAL PERU SAF,16/10/2020,$,108.69,0.0225,0.0823,-0.1451,0.1004,0.0437,,,,,,,,13.0
Fondo de Fondos,BTG PACTUAL PERU SAF-FdeF BTG Renta Internacional SERIE B,BTG PACTUAL PERU SAF,16/10/2020,$,110.52,,,,,0.0447,,,,,,,,2.0
Fondo de Fondos,FdeF CC Acciones Innovacion CREDIFONDO SAF,CREDIFONDO SAF,26/04/2021,$,108.66,0.208,0.3933,-0.3891,0.0591,,,,,,,,50878829.17,459.0
Fondo de Fondos,FdeF CRED ACC SECTOR SEGURID CREDIFONDO SAF,CREDIFONDO SAF,2/10/18,$,146.19,0.0816,0.1938,-0.3187,0.1894,0.2114,0.2859,-0.11,,,,,36920901.19,499.0
Fondo de Fondos,FdeF Cred Renta Estrategica CREDIFONDO SAF,CREDIFONDO SAF,13/02/2019,$,113.66,0.0169,0.0717,-0.0751,0.0158,0.0535,0.0523,,,,,,402980256.64,908.0
Fondo de Fondos,FdeF IF Global Thematics INTERFONDO,INTERFONDO,26/03/2021,$,53.91,0.1245,0.2148,-0.2744,0.0897,,,,,,,,15067136.74,313.0
Fondo de Fondos,FdF BBVA Renta Fija Mcdo Emerg CONTINENTAL FM,CONTINENTAL FM,2/2/24,$,104.21,0.0308,,,,,,,,,,,43141412.3,182.0
Fondo de Fondos,FdF CC Acciones China CREDIFONDO SAF,CREDIFONDO SAF,1/3/21,$,49.87,-0.0063,-0.2229,-0.3401,-0.0123,,,,,,,,5619706.85,114.0
Fondo de Fondos,FdF CC Duración Objetivo Latam CREDIFONDO SAF,CREDIFONDO SAF,10/5/24,$,101.08,0.0075,,,,,,,,,,,41986809.54,159.0
Fondo de Fondos,FDF CRED CAP VISION II CREDIFONDO SAF,CREDIFONDO SAF,8/2/16,$,139.23,0.0417,0.0956,-0.1666,0.0513,0.0902,0.1531,-0.0816,0.111,0.0821,,,160211985.52,1281.0
Fondo de Fondos,FdF Cred. Tendencias Globales CREDIFONDO SAF,CREDIFONDO SAF,19/10/2020,$,100.24,0.0998,0.2915,-0.3575,0.012,0.0879,,,,,,,39246228.71,293.0
Fondo de Fondos,FdF Credicorp Deuda Flexible CREDIFONDO SAF,CREDIFONDO SAF,16/07/2020,$,98.16,-0.0028,0.0752,-0.1241,-0.0042,0.0505,,,,,,,54743913.91,160.0
Fondo de Fondos,FdF Credicorp Impacto Sostenib CREDIFONDO SAF,CREDIFONDO SAF,6/12/21,$,85.33,0.046,0.078,-0.2242,0.0215,,,,,,,,9053768.45,146.0
Fondo de Fondos,FdF ED ACC GLOB OPT EL DORADO SAF,EL DORADO SAF,29/01/2024,$,0.0,,,,,,,,,,,,1263670.6,10.0
Fondo de Fondos,EL DORADO SAF-FdF ED ACC GLOB OPT SERIE A,EL DORADO SAF,29/01/2024,$,109.79,,,,,,,,,,,,,1.0
Fondo de Fondos,EL DORADO SAF-FdF ED ACC GLOB OPT SERIE B,EL DORADO SAF,29/01/2024,$,109.66,0.0966,,,,,,,,,,,,9.0
Fondo de Fondos,FdF El Dorado Instr Deuda EEUU EL DORADO SAF,EL DORADO SAF,7/6/22,$,0.0,,,,,,,,,,,,5803672.16,18.0
Fondo de Fondos,EL DORADO SAF-FdF El Dorado Instr Deuda EEUU SERIE A,EL DORADO SAF,7/6/22,$,118.15,0.0607,0.0911,0.02,,,,,,,,,,9.0
Fondo de Fondos,EL DORADO SAF-FdF El Dorado Instr Deuda EEUU SERIE B,EL DORADO SAF,7/6/22,$,117.05,0.0591,0.0879,0.0183,,,,,,,,,,8.0
Fondo de Fondos,EL DORADO SAF-FdF El Dorado Instr Deuda EEUU SERIE I,EL DORADO SAF,7/6/22,$,118.46,0.0613,0.0924,0.0207,,,,,,,,,,1.0
Fondo de Fondos,FdF Faro Deuda Global FARO CAPITAL SAFI,FARO CAPITAL SAFI,11/6/20,$,97.19,-0.0067,0.0373,-0.1237,-0.023,,,,,,,,6974287.2,76.0
Fondo de Fondos,FdF Faro Global Innovation FARO CAPITAL SAFI,FARO CAPITAL SAFI,27/01/2020,$,125.53,0.0643,0.2205,-0.3088,-0.0271,0.4411,,,,,,,6031392.52,104.0
Fondo de Fondos,FdF Faro Renta Variable Global FARO CAPITAL SAFI,FARO CAPITAL SAFI,11/6/20,$,147.0,0.0874,0.1617,-0.2128,0.1121,,,,,,,,18164541.04,131.0
Fondo de Fondos,FdF IF Enfoque Global INTERFONDO,INTERFONDO,18/12/2019,$,49.09,0.0097,0.0385,-0.0901,-0.0069,0.0377,-0.0011,,,,,,15895319.81,221.0
Fondo de Fondos,FdF IF Inversión EEUU FMIV INTERFONDO,INTERFONDO,1/12/22,$,64.59,0.1158,0.2165,-0.052,,,,,,,,,8766214.55,354.0
Fondo de Fondos,FdF IF RealState Student Accom INTERFONDO,INTERFONDO,27/09/2021,$,55.26,0.0205,0.0246,0.0504,0.0053,,,,,,,,332265013.88,898.0
Fondo de Fondos,FdF IF XIX Rend Global 360 INTERFONDO,INTERFONDO,25/08/2023,$,52.36,0.0244,0.0181,,,,,,,,,,66062411.3,353.0
Fondo de Fondos,FdF IF XVIII Rend Global 360 INTERFONDO,INTERFONDO,27/07/2023,$,52.53,0.0249,0.0223,,,,,,,,,,92579006.6,416.0
Fondo de Fondos,FdF IF XX Rend Global 360 INTERFONDO,INTERFONDO,22/09/2023,$,52.14,0.025,0.0137,,,,,,,,,,60555635.26,370.0
Fondo de Fondos,FdF IF XXI Rend Global 360 INTERFONDO,INTERFONDO,26/10/2023,$,51.93,0.0251,0.0088,,,,,,,,,,58847187.33,399.0
Fondo de Fondos,FdF IF XXIII Rend Global 360 INTERFONDO,INTERFONDO,8/2/24,$,51.11,0.0201,,,,,,,,,,,39838118.2,222.0
Fondo de Fondos,FdF IF XXIV Rend Global 360 INTERFONDO,INTERFONDO,25/04/2024,$,50.56,0.0087,,,,,,,,,,,103229900.91,415.0
Fondo de Fondos,FdF IF XXV Rend Global 360 INTERFONDO,INTERFONDO,15/03/2024,$,50.77,0.0135,,,,,,,,,,,34591895.73,251.0
Fondo de Fondos,FdF IF XXVI Rend Global 360 INTERFONDO,INTERFONDO,1/4/24,$,50.7,0.0117,,,,,,,,,,,64764253.84,334.0
Fondo de Fondos,FdF IF XXVIII Rend Global 360 INTERFONDO,INTERFONDO,4/6/24,$,50.3,0.0032,,,,,,,,,,,81750613.33,400.0
Fondo de Fondos,FdF Part y Crec Int BLANCO SAFI S.A.C.,BLANCO SAFI S.A.C.,19/04/2023,$,0.0,,,,,,,,,,,,4341869.07,31.0
Fondo de Fondos,BLANCO SAFI S.A.C.-FdF Part y Crec Int SERIE A,BLANCO SAFI S.A.C.,19/04/2023,$,1.02,0.0011,,,,,,,,,,,,20.0
Fondo de Fondos,BLANCO SAFI S.A.C.-FdF Part y Crec Int SERIE B,BLANCO SAFI S.A.C.,19/04/2023,$,1.02,0.0003,,,,,,,,,,,,11.0
Fondo de Fondos,FdF Sura Corto Plazo Global FONDOS SURA SAF,FONDOS SURA SAF,15/11/2022,$,108.27,0.0246,0.047,0.0046,,,,,,,,,84753632.87,376.0
Fondo de Fondos,FdF SURA RENTA DOLARES FONDOS SURA SAF,FONDOS SURA SAF,14/06/2005,$,177.05,0.0065,0.0422,-0.0108,-0.0134,0.0768,0.0777,0.0131,0.0285,0.0318,0.0065,0.0234,53654113.61,524.0
Fondo de Fondos,FF BBVA ACC GLOB MILLENIALS CONTINENTAL FM,CONTINENTAL FM,16/01/2023,$,125.87,0.1628,0.0813,,,,,,,,,,2759560.62,40.0
Fondo de Fondos,FF BBVA ACC TENDENC GLOB CONTINENTAL FM,CONTINENTAL FM,15/04/2010,$,118.28,0.0558,0.1328,-0.2334,0.0676,0.0923,0.2226,-0.1158,0.231,0.51,-0.3969,-0.1235,41699460.91,353.0
Fondo de Fondos,FF BBVA ACCIONES GLOB RE CONTINENTAL FM,CONTINENTAL FM,10/8/22,$,87.84,-0.0415,0.0653,-0.1405,,,,,,,,,9541240.11,81.0
Fondo de Fondos,FF BBVA DIST EST GLOBAL CONTINENTAL FM,CONTINENTAL FM,9/5/18,$,112.65,0.0158,0.0715,-0.0873,0.0072,0.0703,0.0489,-0.002,,,,,319069944.57,742.0
Fondo de Fondos,FF BBVA DIST HIGH YIELD EEUU CONTINENTAL FM,CONTINENTAL FM,7/7/21,$,101.51,0.0166,0.1227,-0.117,0.0074,,,,,,,,45801961.58,194.0
Fondo de Fondos,FF BBVA ESTRATE CONSERV $ CONTINENTAL FM,CONTINENTAL FM,6/6/02,$,168.33,0.0183,0.0514,-0.0589,0.0144,0.0248,0.0584,0.0017,0.0302,0.0124,-0.0062,0.0149,19350291.63,110.0
Fondo de Fondos,FF BBVA ESTRATE CONSERV S/ CONTINENTAL FM,CONTINENTAL FM,21/04/1998,S/.,250.91,0.0156,0.0664,-0.0429,0.0097,0.0013,0.0412,-0.0296,0.0757,0.1385,-0.0814,-0.0032,13878029.96,599.0
Fondo de Fondos,FF BBVA ESTRATE DINAMICO $ CONTINENTAL FM,CONTINENTAL FM,6/10/11,$,62.17,0.0324,0.0888,-0.1119,0.0125,-0.0637,0.0924,-0.1494,0.124,0.0232,-0.1957,-0.1755,2815873.79,119.0
Fondo de Fondos,FF BBVA ESTRATE DINAMICO S/ CONTINENTAL FM,CONTINENTAL FM,16/03/2007,S/.,114.86,0.0319,0.1077,-0.0968,0.1156,-0.0483,0.0043,-0.1375,0.2119,0.4919,-0.3143,-0.0775,17623299.12,1478.0
Fondo de Fondos,FF BBVA ESTRATE EQUILIBRA $ CONTINENTAL FM,CONTINENTAL FM,18/03/2021,$,102.59,0.0235,0.0734,-0.0836,0.0193,,,,,,,,2466454.4,76.0
Fondo de Fondos,FF BBVA ESTRATE EQUILIBRA S/ CONTINENTAL FM,CONTINENTAL FM,19/03/2007,S/.,136.41,0.0221,0.0875,-0.0717,0.045,-0.0087,0.0424,-0.0692,0.1177,0.2597,-0.1628,-0.0215,13276790.67,2010.0
Fondo de Fondos,FF CC LATAM INNOVACION CREDIFONDO SAF,CREDIFONDO SAF,3/7/23,$,89.49,-0.1737,0.0735,,,,,,,,,,2938832.51,405.0
Fondo de Fondos,FF CC RENTA GLOBAL INV GRADE CREDIFONDO SAF,CREDIFONDO SAF,10/11/22,$,109.02,0.0085,0.0635,0.0124,,,,,,,,,64372503.74,358.0
Fondo de Fondos,FF Creci Inmobiliario EEUU EL DORADO SAF,EL DORADO SAF,4/1/21,$,0.0,,,,,,,,,,,,96821559.42,240.0
Fondo de Fondos,EL DORADO SAF-FF Creci Inmobiliario EEUU SERIE A,EL DORADO SAF,4/1/21,$,109.63,0.006,0.023,0.0214,0.0427,,,,,,,,,186.0
Fondo de Fondos,EL DORADO SAF-FF Creci Inmobiliario EEUU SERIE B,EL DORADO SAF,4/1/21,$,109.64,0.006,0.023,0.0214,0.0427,,,,,,,,,54.0
Fondo de Fondos,FONDO D FONDOS DEUDA LATAM CREDIFONDO SAF,CREDIFONDO SAF,7/8/12,$,132.15,0.0456,0.0594,-0.0928,-0.0013,0.0227,0.1331,-0.0434,0.0983,0.1288,-0.0638,0.0277,99147351.12,571.0
Fondo de Fondos,Fondo de F. Cred. Cons. Global CREDIFONDO SAF,CREDIFONDO SAF,14/12/2017,$,159.11,0.0243,0.144,-0.1717,0.1929,0.1119,0.2572,-0.0309,0.0072,,,,140270837.39,1052.0
Fondo de Fondos,Independiente Agresivo $ INDEPENDIENTE SAF,INDEPENDIENTE SAF,7/12/21,$,112.71,0.1027,0.1511,-0.128,0.0183,,,,,,,,23037223.29,1866.0
Fondo de Fondos,PHI DEUDA INTERNACIONAL PRUDENTIALSAF SAF,PRUDENTIALSAF SAF,22/05/2023,$,0.0,,,,,,,,,,,,1190470.79,21.0
Fondo de Fondos,PRUDENTIALSAF SAF-PHI DEUDA INTERNACIONAL SERIE A,PRUDENTIALSAF SAF,22/05/2023,$,9.92,-0.0206,0.0132,,,,,,,,,,,14.0
Fondo de Fondos,PRUDENTIALSAF SAF-PHI DEUDA INTERNACIONAL SERIE B,PRUDENTIALSAF SAF,22/05/2023,$,10.03,-0.0161,0.0189,,,,,,,,,,,7.0
Fondo de Fondos,PHI RV ESTRATEGIA GLOBAL PRUDENTIALSAF SAF,PRUDENTIALSAF SAF,26/06/2023,$,0.0,,,,,,,,,,,,6454419.18,81.0
Fondo de Fondos,PRUDENTIALSAF SAF-PHI RV ESTRATEGIA GLOBAL SERIE A,PRUDENTIALSAF SAF,26/06/2023,$,11.96,0.1057,0.0797,,,,,,,,,,,75.0
Fondo de Fondos,PRUDENTIALSAF SAF-PHI RV ESTRATEGIA GLOBAL SERIE B,PRUDENTIALSAF SAF,26/06/2023,$,12.13,0.1131,0.0877,,,,,,,,,,,6.0
Fondo de Fondos,Scotia FdF CP Internacional SCOTIA FONDOS,SCOTIA FONDOS,24/09/2021,$,10.7,0.0212,0.0321,-0.022,-0.0041,,,,,,,,2896979.42,34.0
Fondo de Fondos,SCOTIA FF INSTITU RF GLOBAL SCOTIA FONDOS,SCOTIA FONDOS,26/07/2023,$,1075.01,0.018,0.0473,,,,,,,,,,103574492.26,31.0
Fondo de Fondos,Scotia Fondo de F. Acc. Europa SCOTIA FONDOS,SCOTIA FONDOS,20/03/2018,$,11.83,0.0921,0.2338,-0.2674,0.0829,0.0873,0.2057,-0.1684,,,,,32887421.51,207.0
Fondo de Fondos,SCOTIA FONDO DE F. ACC. US SCOTIA FONDOS,SCOTIA FONDOS,19/06/2014,$,24.76,0.1791,0.3052,-0.2852,0.2695,0.1265,0.1987,-0.0475,0.2565,0.0328,0.0277,0.0228,118501749.41,608.0
Fondo de Fondos,SCOTIA FONDO DE F. DEUDA HY SCOTIA FONDOS,SCOTIA FONDOS,28/03/2018,$,10.92,0.015,0.0999,-0.1286,0.0172,0.0091,0.096,-0.0173,,,,,45431210.52,176.0
Fondo de Fondos,Scotia Fondo de F. Deuda IG SCOTIA FONDOS,SCOTIA FONDOS,4/5/18,$,10.09,0.0143,0.0572,-0.1308,-0.037,0.0298,0.075,0.0005,,,,,55822107.35,188.0
Fondo de Fondos,SFdF Acciones Emergentes SCOTIA FONDOS,SCOTIA FONDOS,19/08/2014,$,4.33,0.0571,0.0629,-0.3307,-0.0097,-0.1362,0.0579,-0.1933,0.2462,0.2347,-0.3708,-0.1775,22246761.41,226.0
Fondo de Fondos,SFdF DISTRIBUTIVO HY SCOTIA FONDOS,SCOTIA FONDOS,11/3/20,$,979.48,-0.0088,0.0431,-0.1227,-0.025,0.1089,,,,,,,5783674.62,23.0
Fondo de Fondos,SFdF Distributivo HY II SCOTIA FONDOS,SCOTIA FONDOS,9/12/20,$,795.14,-0.0077,0.0343,-0.187,-0.0538,0.0104,,,,,,,84765869.1,208.0
Fondo de Fondos,SFdF DISTRIBUTIVO IG SCOTIA FONDOS,SCOTIA FONDOS,11/3/20,$,936.68,-0.0046,0.0315,-0.1167,-0.0233,0.0585,,,,,,,226009983.16,343.0
Fondo de Fondos,SFdF Igualdad de Genero SCOTIA FONDOS,SCOTIA FONDOS,17/09/2021,$,10.36,0.114,0.143,-0.2236,0.0489,,,,,,,,7567654.36,76.0
Fondo de Fondos,SURA ACC. NORTEAMERICANAS FONDOS SURA SAF,FONDOS SURA SAF,21/02/2014,$,26.34,0.1407,0.2341,-0.1909,0.1929,0.1781,0.2678,-0.0723,0.1765,0.0867,-0.0039,0.0867,89678188.01,749.0
Fondo de Fondos,SURA ACCIONES GLOBALES FONDOS SURA SAF,FONDOS SURA SAF,24/07/2018,$,14.79,0.0953,0.1976,-0.2098,0.1377,0.129,0.2325,-0.107,,,,,42033760.3,463.0
Fondo de Fondos,SURA BONOS GLOBALES FONDOS SURA SAF,FONDOS SURA SAF,26/09/2017,$,0.0,,,,,,,,,,,,61372476.05,325.0
Fondo de Fondos,FONDOS SURA SAF-SURA BONOS GLOBALES SERIE A,FONDOS SURA SAF,26/09/2017,$,103.9,0.0109,0.0583,-0.0782,-0.0117,0.037,0.0816,-0.0617,,,,,,249.0
Fondo de Fondos,FONDOS SURA SAF-SURA BONOS GLOBALES SERIE B,FONDOS SURA SAF,26/09/2017,$,84.86,-0.0059,0.0189,-0.1094,-0.0433,0.002,0.0713,-0.0733,,,,,,81.0
Fondo de Fondos,SURA CAPITAL ESTRATEGICO I FONDOS SURA SAF,FONDOS SURA SAF,2/10/13,S/.,0.0,,,,,,,,,,,,12949051.87,324.0
Fondo de Fondos,FONDOS SURA SAF-SURA CAPITAL ESTRATEGICO I SERIE A,FONDOS SURA SAF,2/10/13,S/.,140.35,0.0474,0.0406,-0.1345,0.0105,0.1127,0.0632,0.014,0.0707,0.0074,0.0823,0.0321,,204.0
Fondo de Fondos,FONDOS SURA SAF-SURA CAPITAL ESTRATEGICO I SERIE B,FONDOS SURA SAF,2/10/13,S/.,144.03,0.0487,0.0431,-0.1325,0.0129,0.1153,0.0657,0.0164,0.0733,0.0098,0.0849,0.0346,,122.0
Fondo de Fondos,SURA CAPITAL ESTRATEGICO II FONDOS SURA SAF,FONDOS SURA SAF,2/10/13,S/.,0.0,,,,,,,,,,,,20720545.77,476.0
Fondo de Fondos,FONDOS SURA SAF-SURA CAPITAL ESTRATEGICO II SERIE A,FONDOS SURA SAF,2/10/13,S/.,142.54,0.0675,0.0558,-0.1228,0.0156,0.1253,0.0798,-0.025,0.1022,-0.001,0.0572,0.0069,,262.0
Fondo de Fondos,FONDOS SURA SAF-SURA CAPITAL ESTRATEGICO II SERIE B,FONDOS SURA SAF,2/10/13,S/.,145.87,0.0688,0.0583,-0.1207,0.018,0.1279,0.0824,-0.0227,0.1048,-0.0014,0.0597,0.0092,,220.0
Fondo de Fondos,SURA DEUDA PRIV. GLOBAL FONDOS SURA SAF,FONDOS SURA SAF,30/06/2022,$,10074.99,0.0052,0.0,0.0023,,,,,,,,,107998646.77,292.0
Fondo de Fondos,Sura Real Estate Global Income FONDOS SURA SAF,FONDOS SURA SAF,5/7/18,$,11498.41,-0.0452,-0.1216,0.0551,0.1873,0.0479,0.0366,0.005,,,,,977081116.82,2297.0
Fondo de Fondos,SURA SELECCION GLOBAL I FONDOS SURA SAF,FONDOS SURA SAF,8/9/16,$,0.0,,,,,,,,,,,,40056741.07,280.0
Fondo de Fondos,FONDOS SURA SAF-SURA SELECCION GLOBAL I SERIE A,FONDOS SURA SAF,8/9/16,$,126.25,0.0433,0.1079,-0.1232,0.0056,0.0769,0.1241,-0.0563,0.0879,-0.0071,,,,277.0
Fondo de Fondos,FONDOS SURA SAF-SURA SELECCION GLOBAL I SERIE B,FONDOS SURA SAF,8/9/16,$,128.61,0.0446,0.1105,-0.1211,0.008,0.0795,0.1267,-0.0541,0.0908,-0.0064,,,,3.0
Flexible Dólares,BDC DEUDA DIVERSIFICADA FMIV BD CAPITAL SAF,BD CAPITAL SAF,16/03/2021,$,92.02,0.0559,-0.0185,-0.1471,0.0437,,,,,,,,22072655.77,10.0
Flexible Dólares,SCOTIA DEPÓSITO DISPONIBLE $ SCOTIA FONDOS,SCOTIA FONDOS,17/08/2011,$,11.55,0.0218,0.0057,0.0091,0.0059,0.0139,0.023,0.0176,0.0105,0.0067,0.0056,0.0017,193362217.72,3341.0
Flexible Dólares,SF INSTITUCIONAL DE RENTA $ II SCOTIA FONDOS,SCOTIA FONDOS,25/09/2019,$,1033.02,0.0323,0.021,-0.0974,-0.0002,0.0623,0.0213,,,,,,32874524.13,16.0
Inst Deuda Duración Flexibl $,BBVA Distributivo $ FMIV CONTINENTAL FM,CONTINENTAL FM,20/12/2023,$,103.26,0.0239,0.0024,,,,,,,,,,28618052.81,107.0
Inst Deuda Duración Flexibl $,BBVA Super $ 10 CONTINENTAL FM,CONTINENTAL FM,5/7/23,$,106.11,0.0281,0.0265,,,,,,,,,,59042325.39,186.0
Inst Deuda Duración Flexibl $,BBVA SUPER $ 11 CONTINENTAL FM,CONTINENTAL FM,1/9/23,$,105.03,0.0276,0.0178,,,,,,,,,,66064287.23,187.0
Inst Deuda Duración Flexibl $,BBVA Super $ 12 CONTINENTAL FM,CONTINENTAL FM,2/11/23,$,104.08,0.0259,0.0088,,,,,,,,,,71412176.96,207.0
Inst Deuda Duración Flexibl $,BBVA SUPER DOLARES 13 CONTINENTAL FM,CONTINENTAL FM,21/12/2023,$,102.87,0.0254,0.0,,,,,,,,,,48081050.11,137.0
Inst Deuda Duración Flexibl $,BBVA SUPER DOLARES 14 CONTINENTAL FM,CONTINENTAL FM,7/3/24,$,102.27,0.015,,,,,,,,,,,123044865.66,320.0
Inst Deuda Duración Flexibl $,CC RENTA DOLARES 3Y VI CREDIFONDO SAF,CREDIFONDO SAF,19/12/2023,$,102.91,0.0236,0.004,,,,,,,,,,36578122.26,122.0
Inst Deuda Duración Flexibl $,CC RENTA DOLARES 3Y VII CREDIFONDO SAF,CREDIFONDO SAF,17/06/2024,$,100.53,0.0008,,,,,,,,,,,25952105.06,93.0
Inst Deuda Duración Flexibl $,CC RENTA DOLARES 4Y VI CREDIFONDO SAF,CREDIFONDO SAF,11/8/22,$,107.43,0.0233,0.0599,-0.0105,,,,,,,,,25067948.09,107.0
Inst Deuda Duración Flexibl $,CC RENTA OPTIM INST V CREDIFONDO SAF,CREDIFONDO SAF,2/4/24,$,101.21,0.0119,,,,,,,,,,,53602494.02,25.0
Inst Deuda Duración Flexibl $,CC RENTA OPTIMIZAD DOLARES II CREDIFONDO SAF,CREDIFONDO SAF,13/06/2023,$,0.0,,0.0265,,,,,,,,,,,1.0
Inst Deuda Duración Flexibl $,CC RENTA OPTIMIZAD DOLARES IV CREDIFONDO SAF,CREDIFONDO SAF,26/06/2023,$,105.18,0.0266,0.0236,,,,,,,,,,26444668.86,116.0
Inst Deuda Duración Flexibl $,CC RENTA OPTIMIZAD DOLARES VI CREDIFONDO SAF,CREDIFONDO SAF,25/07/2023,$,104.64,0.0237,0.0207,,,,,,,,,,86188975.16,257.0
Inst Deuda Duración Flexibl $,CRED DEUDA CORP LATAM HY CREDIFONDO SAF,CREDIFONDO SAF,24/01/2019,$,119.38,0.0489,0.0655,-0.0884,0.0034,0.0484,0.1111,,,,,,109069813.77,101.0
Inst Deuda Duración Flexibl $,FdF IF XXVII Rend Global 321 INTERFONDO,INTERFONDO,17/05/2024,$,50.42,0.0056,,,,,,,,,,,29052794.99,175.0
Inst Deuda Duración Flexibl $,IF Enfoque LATAM INTERFONDO,INTERFONDO,7/9/17,$,46.12,0.0193,0.0519,-0.1299,-0.0481,0.0285,0.0622,-0.0359,-0.0129,,,,9154329.2,112.0
Inst Deuda Duración Flexibl $,IF LIBRE DISPONIBILIDAD INTERFONDO,INTERFONDO,7/7/15,$,0.0,,0.0428,0.0145,0.0041,0.0099,0.0213,0.0171,0.0094,0.0062,0.0018,,2486392757.64,20331.0
Inst Deuda Duración Flexibl $,INTERFONDO-IF LIBRE DISPONIBILIDAD SERIE A,INTERFONDO,7/7/15,$,116.31,,,,,,,,,,,,,20115.0
Inst Deuda Duración Flexibl $,INTERFONDO-IF LIBRE DISPONIBILIDAD SERIE B,INTERFONDO,7/7/15,$,116.32,,,,,,,,,,,,,159.0
Inst Deuda Duración Flexibl $,INTERFONDO-IF LIBRE DISPONIBILIDAD SERIE C,INTERFONDO,7/7/15,$,116.31,,,,,,,,,,,,,57.0
Inst Deuda Duración Flexibl $,SURA PLAZO DEFINIDO $ II FONDOS SURA SAF,FONDOS SURA SAF,14/12/2023,$,103.01,0.0247,0.0027,,,,,,,,,,21865136.51,128.0
Inst Deuda Duración Flexibl S/,IF LIBRE DISPONIBILIDAD S/. INTERFONDO,INTERFONDO,7/5/15,S/.,0.0,,,,,,0.0273,0.0267,0.0358,0.0383,0.0189,,1586762920.43,36555.0
Inst Deuda Duración Flexibl S/,INTERFONDO-IF LIBRE DISPONIBILIDAD S/. SERIE A,INTERFONDO,7/5/15,S/.,133.9,0.027,0.0639,0.0395,0.0052,,,,,,,,,36164.0
Inst Deuda Duración Flexibl S/,INTERFONDO-IF LIBRE DISPONIBILIDAD S/. SERIE B,INTERFONDO,7/5/15,S/.,134.57,0.028,0.0654,0.0407,0.0064,,,,,,,,,169.0
Inst Deuda Duración Flexibl S/,INTERFONDO-IF LIBRE DISPONIBILIDAD S/. SERIE C,INTERFONDO,7/5/15,S/.,133.91,,,,,,,,,,,,,222.0
Inst Deuda Duración Flexibl S/,SURA DEUDA SOBER. DISTRIB. S/ FONDOS SURA SAF,FONDOS SURA SAF,26/04/2023,S/.,109.39,0.0113,0.0473,,,,,,,,,,37470755.08,197.0
Inst Deuda Duración Flexibl S/,SURA PLAZO DEFINIDO S/ III FONDOS SURA SAF,FONDOS SURA SAF,26/09/2023,S/.,105.73,0.0368,0.0198,,,,,,,,,,103315031.35,23.0
Inst Deuda Duración Flexibl S/,Sura Plazo Definido S/ IV FONDOS SURA SAF,FONDOS SURA SAF,17/05/2024,S/.,100.63,0.0062,,,,,,,,,,,115219923.63,10.0
Fondo Bursátil - ETF,VANECK EL DOORADO PERU ETF EL DORADO SAF,EL DORADO SAF,11/3/21,$,12.49,0.1439,0.2915,0.0086,-0.1739,,,,,,,,397579340.44,1.0
Instrumento de Deuda,BBVA DISTRIBUTIVO $ II CONTINENTAL FM,CONTINENTAL FM,2/4/24,$,101.41,0.0095,,,,,,,,,,,28745976.09,82.0
Instrumento de Deuda,BBVA SUPER DOLARES 15 CONTINENTAL FM,CONTINENTAL FM,26/04/2024,$,101.55,0.0088,,,,,,,,,,,107653253.78,364.0
Instrumento de Deuda,BBVA SUPER DOLARES 16 CONTINENTAL FM,CONTINENTAL FM,11/6/24,$,100.86,0.0027,,,,,,,,,,,105865877.53,328.0
