Reporte Valor Cuota,,,,,,,,,,,,,,,,
,,,,,,,,,,,,,,,,
Fecha y Hora de generaci󮺠04/07/2024 02:26:52 p.m.,,,,,,,,,,,,,,,,
Fondo: FONDO OPERATIVO,,,,,,,,,,,,,,,,
Fecha Inicio: 30 de Junio del 2024,,,,,,,,,,,,,,,,
,,,,,,,,,,,,,,,,
Tipo Fondo,Fondo Mutuo,Administradora,Fec. Inicio Operación,Moneda Cuota,Valor Cuota,Variacion desde el Inicio del 2024,Rentabilidad(A) 2023,Rentabilidad(A) 2022,Rentabilidad(A) 2021,Rentabilidad(A) 2020,Rentabilidad(A) 2019,Patrimonio S/.,Patrimonio %,Partícipes N,Partícipes %,Inf. Atrasada
01 - Renta Variable,CREDICORP ACCIONES GLOBAL CREDIFONDO SAF,CREDIFONDO SAF,25/03/2013,$,180.921312,9.67%,16.56%,-20.41%,13.97%,13.03%,23.13%,"23,652,842.51",0.06%,894,0.20%,30/06/2024
01 - Renta Variable,CREDICORP CAPITAL ACCIONES CREDIFONDO SAF,CREDIFONDO SAF,17/01/2007,$,166.157649,10.60%,22.80%,2.15%,-6.44%,-5.88%,5.63%,"43,751,750.38",0.11%,564,0.13%,30/06/2024
01 - Renta Variable,Faro Global Innovation Instit. FARO CAPITAL SAFI,FARO CAPITAL SAFI,27/01/2020,$,0,,,,,,,"18,290,288.23",0.04%,30,0.01%,30/06/2024
01 - Renta Variable,FARO CAPITAL SAFI-Faro Global Innovation Instit. SERIE A,FARO CAPITAL SAFI,27/01/2020,$,93.66765799,6.84%,23.14%,-30.26%,-19.66%,,,,,1,0.00%,30/06/2024
01 - Renta Variable,FARO CAPITAL SAFI-Faro Global Innovation Instit. SERIE B,FARO CAPITAL SAFI,27/01/2020,$,126.7549243,6.71%,22.85%,-30.43%,-2.48%,,,,,4,0.00%,30/06/2024
01 - Renta Variable,FARO CAPITAL SAFI-Faro Global Innovation Instit. SERIE C,FARO CAPITAL SAFI,27/01/2020,$,125.4183196,6.58%,22.56%,-30.59%,-2.71%,42.55%,,,,25,0.01%,30/06/2024
01 - Renta Variable,FARO RENTA VARIABLE GLOBAL FARO CAPITAL SAFI,FARO CAPITAL SAFI,29/05/2018,$,0,,,,,,,"71,182,192.03",0.17%,55,0.01%,30/06/2024
01 - Renta Variable,FARO CAPITAL SAFI-FARO RENTA VARIABLE GLOBAL SERIE A,FARO CAPITAL SAFI,29/05/2018,$,147.850855,9.25%,17.24%,-20.60%,11.92%,24.43%,16.66%,,,3,0.00%,30/06/2024
01 - Renta Variable,FARO CAPITAL SAFI-FARO RENTA VARIABLE GLOBAL SERIE B,FARO CAPITAL SAFI,29/05/2018,$,145.2642847,9.12%,16.97%,-20.80%,11.65%,24.14%,16.18%,,,8,0.00%,30/06/2024
01 - Renta Variable,FARO CAPITAL SAFI-FARO RENTA VARIABLE GLOBAL SERIE C,FARO CAPITAL SAFI,29/05/2018,$,141.0855234,8.86%,16.42%,-21.17%,11.13%,23.56%,15.60%,,,44,0.01%,30/06/2024
01 - Renta Variable,IF ACCIONES INTERFONDO,INTERFONDO,19/01/2007,S/.,108.0787,7.67%,13.98%,-7.43%,7.50%,0.31%,-1.32%,"11,369,090.21",0.03%,"1,260.00",0.28%,30/06/2024
01 - Renta Variable,Promoinvest Fondo Selectivo PROMOINVEST SAF,PROMOINVEST SAF,14/01/1999,$,3.18896305,7.14%,5.95%,-3.81%,3.00%,-17.99%,-3.52%,"5,020,514.18",0.01%,465,0.10%,30/06/2024
01 - Renta Variable,SCOTIA FONDO ACCIONES SCOTIA FONDOS,SCOTIA FONDOS,2/4/08,S/.,10.88759142,12.32%,17.29%,-3.73%,-5.51%,0.45%,-0.32%,"3,608,854.69",0.01%,206,0.05%,30/06/2024
01 - Renta Variable,SURA ACCIONES FONDOS SURA SAF,FONDOS SURA SAF,22/01/2007,S/.,15.8559658,9.59%,20.20%,-7.26%,5.76%,6.48%,1.42%,"16,161,926.13",0.04%,670,0.15%,30/06/2024
06 - Corto Plazo Soles,Prudential Corto Plazo S/. PRUDENTIALSAF SAF,PRUDENTIALSAF SAF,4/4/24,S/.,0,,,,,,,"15,373,472.67",0.04%,106,0.02%,30/06/2024
06 - Corto Plazo Soles,PRUDENTIALSAF SAF-Prudential Corto Plazo S/. SERIE A,PRUDENTIALSAF SAF,4/4/24,S/.,10.49405548,1.25%,,,,,,,,102,0.02%,30/06/2024
06 - Corto Plazo Soles,PRUDENTIALSAF SAF-Prudential Corto Plazo S/. SERIE B,PRUDENTIALSAF SAF,4/4/24,S/.,10.39086488,1.25%,,,,,,,,4,0.00%,30/06/2024
07 - Corto Plazo Dólares,Andean Crown Cash Plus $ ANDEAN CROWN SAF S.A.C.,ANDEAN CROWN SAF S.A.C.,12/4/24,$,0,,,,,,,"1,161,741.93",0.00%,37,0.01%,30/06/2024
07 - Corto Plazo Dólares,ANDEAN CROWN SAF S.A.C.-Andean Crown Cash Plus $ SERIE A,ANDEAN CROWN SAF S.A.C.,12/4/24,$,10.15177363,0.97%,,,,,,,,35,0.01%,30/06/2024
07 - Corto Plazo Dólares,ANDEAN CROWN SAF S.A.C.-Andean Crown Cash Plus $ SERIE B,ANDEAN CROWN SAF S.A.C.,12/4/24,$,10.15896918,1.04%,,,,,,,,2,0.00%,30/06/2024
12 - Estructurado,BTG Rendimiento $ 1 FMIV BTG PACTUAL PERU SAF,BTG PACTUAL PERU SAF,28/12/2023,$,104.5800263,2.77%,-0.19%,,,,,"1,820,826.31",0.00%,17,0.00%,30/06/2024
12 - Estructurado,CC BARRERA CONDICIONAL XIII CREDIFONDO SAF,CREDIFONDO SAF,15/06/2022,$,107.26737,-1.49%,0.37%,8.46%,,,,"19,894,485.92",0.05%,147,0.03%,30/06/2024
12 - Estructurado,CC CUPON ESCALONADO LI CREDIFONDO SAF,CREDIFONDO SAF,23/01/2024,$,102.175871,2.00%,,,,,,"55,661,076.93",0.14%,214,0.05%,30/06/2024
12 - Estructurado,CC CUPON ESCALONADO LII CREDIFONDO SAF,CREDIFONDO SAF,23/01/2024,$,103.642982,3.46%,,,,,,"88,997,312.26",0.22%,273,0.06%,30/06/2024
12 - Estructurado,CC CUPON ESCALONADO LIII CREDIFONDO SAF,CREDIFONDO SAF,26/02/2024,$,101.554897,-100.00%,,,,,,1.08,0.00%,1,0.00%,3/6/24
12 - Estructurado,CC CUPON ESCALONADO LIV CREDIFONDO SAF,CREDIFONDO SAF,26/02/2024,$,101.846515,1.53%,,,,,,"61,849,690.55",0.15%,189,0.04%,30/06/2024
12 - Estructurado,CC CUPON ESCALONADO LIX CREDIFONDO SAF,CREDIFONDO SAF,2/5/24,$,100.981471,0.73%,,,,,,"135,212,406.55",0.33%,364,0.08%,30/06/2024
12 - Estructurado,CC CUPON ESCALONADO LV CREDIFONDO SAF,CREDIFONDO SAF,26/02/2024,$,101.631433,1.32%,,,,,,"74,719,464.96",0.18%,245,0.05%,30/06/2024
12 - Estructurado,CC CUPON ESCALONADO LVI CREDIFONDO SAF,CREDIFONDO SAF,2/4/24,$,101.44702,1.12%,,,,,,"355,881,284.29",0.87%,"1,130.00",0.25%,30/06/2024
12 - Estructurado,CC CUPON ESCALONADO LVII CREDIFONDO SAF,CREDIFONDO SAF,2/4/24,$,101.355287,1.04%,,,,,,"66,742,367.48",0.16%,224,0.05%,30/06/2024
12 - Estructurado,CC CUPON ESCALONADO LVIII CREDIFONDO SAF,CREDIFONDO SAF,2/4/24,$,102.007527,1.71%,,,,,,"95,406,275.13",0.23%,379,0.08%,30/06/2024
12 - Estructurado,CC CUPON ESCALONADO LX CREDIFONDO SAF,CREDIFONDO SAF,2/5/24,$,100.962628,0.72%,,,,,,"30,587,685.33",0.07%,115,0.03%,30/06/2024
12 - Estructurado,CC CUPON ESCALONADO LXI CREDIFONDO SAF,CREDIFONDO SAF,2/5/24,$,101.287827,1.00%,,,,,,"66,128,304.00",0.16%,207,0.05%,30/06/2024
12 - Estructurado,CC CUPON ESCALONADO LXII CREDIFONDO SAF,CREDIFONDO SAF,13/06/2024,$,100.655291,0.19%,,,,,,"129,796,442.50",0.32%,390,0.09%,30/06/2024
12 - Estructurado,CC CUPON ESCALONADO LXIII CREDIFONDO SAF,CREDIFONDO SAF,13/06/2024,$,100.647752,0.17%,,,,,,"37,038,407.09",0.09%,158,0.04%,30/06/2024
12 - Estructurado,CC CUPON ESCALONADO LXIV CREDIFONDO SAF,CREDIFONDO SAF,13/06/2024,$,100.70376,0.22%,,,,,,"90,101,704.17",0.22%,335,0.07%,30/06/2024
12 - Estructurado,CC CUPON ESCALONADO XL CREDIFONDO SAF,CREDIFONDO SAF,7/9/23,$,103.838212,2.28%,1.53%,,,,,"59,736,699.42",0.15%,226,0.05%,30/06/2024
12 - Estructurado,CC CUPON ESCALONADO XLIII CREDIFONDO SAF,CREDIFONDO SAF,6/10/23,$,103.886809,2.03%,1.63%,,,,,"49,513,048.95",0.12%,176,0.04%,30/06/2024
12 - Estructurado,CC CUPON ESCALONADO XLIX CREDIFONDO SAF,CREDIFONDO SAF,27/12/2023,$,102.535977,2.25%,0.06%,,,,,"113,085,083.57",0.28%,399,0.09%,30/06/2024
12 - Estructurado,CC CUPON ESCALONADO XLVI CREDIFONDO SAF,CREDIFONDO SAF,16/11/2023,$,103.146337,2.28%,0.86%,,,,,"158,262,440.38",0.39%,523,0.12%,30/06/2024
12 - Estructurado,CC CUPON ESCALONADO XLVIII CREDIFONDO SAF,CREDIFONDO SAF,22/12/2023,$,102.493952,2.27%,0.01%,,,,,"54,893,114.88",0.13%,210,0.05%,30/06/2024
12 - Estructurado,CC CUPON ESCALONADO XXXII CREDIFONDO SAF,CREDIFONDO SAF,29/05/2023,$,105.115794,-100.00%,2.72%,,,,,-0.03,0.00%,1,0.00%,4/6/24
12 - Estructurado,CC CUPON ESCALONADO XXXVI CREDIFONDO SAF,CREDIFONDO SAF,17/08/2023,$,104.412519,2.45%,1.77%,,,,,"53,988,606.92",0.13%,219,0.05%,30/06/2024
12 - Estructurado,IF 34 Custodia Dolares FMIV INTERFONDO,INTERFONDO,26/06/2023,$,52.5585,-100.00%,2.34%,,,,,-34.12,0.00%,356,0.08%,25/06/2024
12 - Estructurado,IF 35 Custodia Dólares FMIV INTERFONDO,INTERFONDO,27/11/2023,$,51.6705,2.31%,0.71%,,,,,"71,394,925.06",0.18%,395,0.09%,30/06/2024
12 - Estructurado,IF 36 Custodio Dólares FMIV INTERFONDO,INTERFONDO,21/12/2023,$,51.3877,2.20%,0.28%,,,,,"59,557,710.30",0.15%,320,0.07%,30/06/2024
12 - Estructurado,IF 37 Custodia Dólares FMIV INTERFONDO,INTERFONDO,23/01/2024,$,51.0473,1.72%,,,,,,"49,346,705.56",0.12%,382,0.09%,30/06/2024
12 - Estructurado,IF 38 Custodia Dólares INTERFONDO,INTERFONDO,26/02/2024,$,50.6631,1.10%,,,,,,"55,363,036.82",0.14%,336,0.07%,30/06/2024
12 - Estructurado,IF 39 Custodia Dólares INTERFONDO,INTERFONDO,27/06/2024,$,50.1389,0.02%,,,,,,"70,962,943.98",0.17%,418,0.09%,30/06/2024
12 - Estructurado,SF Inversiones Smart $ I SCOTIA FONDOS,SCOTIA FONDOS,6/6/24,$,100.5950615,0.24%,,,,,,"92,858,016.84",0.23%,301,0.07%,30/06/2024
12 - Estructurado,SF Rendimiento Binario $ XI SCOTIA FONDOS,SCOTIA FONDOS,1/9/22,$,104.5188846,1.81%,2.89%,-0.52%,,,,"66,885,621.22",0.16%,238,0.05%,30/06/2024
14 - Renta Mixta Crecimiento Soles,CRED. CRECIMIENTO VCS CREDIFONDO SAF,CREDIFONDO SAF,19/06/2008,S/.,161.291723,10.46%,15.61%,-0.70%,1.44%,3.19%,3.90%,"28,881,277.77",0.07%,543,0.12%,30/06/2024
17 - Renta Mixta Balanceado Dólares,CRED. EQUILIBRADO CREDIFONDO SAF,CREDIFONDO SAF,9/3/07,$,142.970552,5.53%,12.81%,-0.36%,-3.17%,-1.31%,5.76%,"20,440,564.99",0.05%,337,0.08%,30/06/2024
17 - Renta Mixta Balanceado Dólares,IF MIXTO BALANCEADO INTERFONDO,INTERFONDO,31/12/1995,$,67.1915,4.18%,12.57%,-0.22%,-3.88%,-3.22%,1.62%,"14,932,309.87",0.04%,638,0.14%,30/06/2024
17 - Renta Mixta Balanceado Dólares,SCOTIA FONDO MIXTO BALANCEADO SCOTIA FONDOS,SCOTIA FONDOS,17/04/2007,$,10.49358727,0.93%,9.94%,3.18%,-8.41%,-4.18%,2.68%,"5,167,666.46",0.01%,235,0.05%,30/06/2024
18 - Renta Mixta Moderado Soles,CRED. MODERADO VCS CREDIFONDO SAF,CREDIFONDO SAF,16/06/2008,S/.,156.89851,4.77%,8.81%,-0.02%,-2.47%,2.85%,3.95%,"9,813,144.61",0.02%,261,0.06%,30/06/2024
18 - Renta Mixta Moderado Soles,IF INVERSION FLEXIBLE INTERFONDO,INTERFONDO,30/10/2007,S/.,156.1063,5.39%,6.84%,0.86%,0.11%,1.25%,1.77%,"10,836,845.71",0.03%,326,0.07%,30/06/2024
19 - Renta Mixta Moderado Dólares,CRED. MODERADO CREDIFONDO SAF,CREDIFONDO SAF,14/09/2002,$,56.357262,2.81%,7.66%,-1.66%,-2.29%,0.21%,5.26%,"29,547,475.38",0.07%,425,0.09%,30/06/2024
22 - Inst. Deuda Mediano Plazo S/,BBVA RENTA MED. PLAZO S/. CONTINENTAL FM,CONTINENTAL FM,17/10/1997,S/.,359.0626765,2.36%,10.32%,0.56%,-4.86%,3.47%,6.27%,"156,199,815.34",0.38%,"5,501.00",1.22%,30/06/2024
22 - Inst. Deuda Mediano Plazo S/,CC CONSERV. MED. PLAZO S/. CREDIFONDO SAF,CREDIFONDO SAF,9/3/07,S/.,200.247816,3.51%,9.17%,0.23%,-3.43%,4.67%,6.19%,"368,903,214.15",0.90%,"4,704.00",1.05%,30/06/2024
22 - Inst. Deuda Mediano Plazo S/,IF MEDIANO PLAZO SOLES INTERFONDO,INTERFONDO,14/03/2002,S/.,210.6879,3.08%,9.26%,-6.75%,-3.86%,2.83%,4.92%,"51,557,376.94",0.13%,"3,229.00",0.72%,30/06/2024
22 - Inst. Deuda Mediano Plazo S/,SURA RENTA SOLES FONDOS SURA SAF,FONDOS SURA SAF,19/05/2006,S/.,217.3968778,3.12%,7.86%,1.32%,-2.56%,4.94%,5.69%,"81,386,921.32",0.20%,706,0.16%,30/06/2024
23 - Inst. Deuda Mediano Plazo $,BBVA RENTA MED. PLAZO $ CONTINENTAL FM,CONTINENTAL FM,21/10/1997,$,200.8603652,2.24%,6.07%,-3.66%,-2.68%,2.57%,5.65%,"177,449,055.50",0.43%,"2,106.00",0.47%,30/06/2024
23 - Inst. Deuda Mediano Plazo $,CREDICORP CONSER. MED. PLA. $ CREDIFONDO SAF,CREDIFONDO SAF,26/03/1996,$,262.198097,2.62%,6.03%,-3.60%,-0.63%,4.01%,6.29%,"602,541,809.24",1.48%,"5,984.00",1.33%,30/06/2024
23 - Inst. Deuda Mediano Plazo $,IF MEDIANO PLAZO INTERFONDO,INTERFONDO,1/9/97,$,110.9907,1.43%,3.31%,-4.39%,-1.42%,3.09%,4.40%,"82,708,932.42",0.20%,"3,915.00",0.87%,30/06/2024
24 - Inst. Deuda Corto Plazo S/,BBVA CASH SOLES CONTINENTAL FM,CONTINENTAL FM,2/12/08,S/.,159.7327174,3.02%,7.13%,3.80%,0.10%,0.91%,2.49%,"2,336,045,531.99",5.73%,"70,321.00",15.65%,30/06/2024
24 - Inst. Deuda Corto Plazo S/,BBVA PERU SOLES CONTINENTAL FM,CONTINENTAL FM,23/03/2011,S/.,150.1577627,3.11%,6.27%,2.30%,-1.09%,2.04%,2.34%,"6,870,448.62",0.02%,315,0.07%,30/06/2024
24 - Inst. Deuda Corto Plazo S/,BBVA RENTA CORTO PLAZO S/. CONTINENTAL FM,CONTINENTAL FM,27/12/2005,S/.,192.7813778,2.95%,7.68%,2.72%,-1.95%,2.45%,3.78%,"276,014,134.68",0.68%,"4,905.00",1.09%,30/06/2024
24 - Inst. Deuda Corto Plazo S/,BBVA TESORERIA SOLES FMIV CONTINENTAL FM,CONTINENTAL FM,3/10/18,S/.,123.1812255,3.12%,7.08%,3.44%,0.14%,1.38%,3.20%,"201,489,307.58",0.49%,381,0.08%,30/06/2024
24 - Inst. Deuda Corto Plazo S/,CRED. CONSER. CORTO PLAZO S/ CREDIFONDO SAF,CREDIFONDO SAF,10/2/14,S/.,150.297879,3.26%,7.54%,3.29%,-0.76%,3.07%,3.77%,"579,456,773.92",1.42%,"10,438.00",2.32%,30/06/2024
24 - Inst. Deuda Corto Plazo S/,CRED. CONSERVAD. LIQUIDEZ S/ CREDIFONDO SAF,CREDIFONDO SAF,6/4/00,S/.,327.820596,2.96%,7.21%,4.57%,0.20%,1.36%,3.02%,"1,882,497,470.86",4.61%,"30,929.00",6.88%,30/06/2024
24 - Inst. Deuda Corto Plazo S/,DIVISO CONSERVADOR SOLES DIVISO FONDOS SAF S.A.,DIVISO FONDOS SAF S.A.,31/07/2013,S/.,146.282996,-6.62%,7.70%,4.95%,1.45%,2.17%,4.00%,"9,162,875.23",0.02%,200,0.04%,30/06/2024
24 - Inst. Deuda Corto Plazo S/,SF Liquidez S/. SCOTIA FONDOS,SCOTIA FONDOS,30/01/2023,S/.,11.08911151,2.71%,6.35%,,,,,"1,054,430,709.68",2.58%,"12,662.00",2.82%,30/06/2024
24 - Inst. Deuda Corto Plazo S/,SURA CORTO PLAZO SOLES FONDOS SURA SAF,FONDOS SURA SAF,25/03/2009,S/.,185.2345619,3.35%,6.70%,3.94%,-0.67%,2.96%,4.29%,"104,117,637.70",0.26%,730,0.16%,30/06/2024
24 - Inst. Deuda Corto Plazo S/,SURA ULTRA CASH SOLES FONDOS SURA SAF,FONDOS SURA SAF,9/5/12,S/.,159.4808866,3.09%,7.32%,4.62%,0.52%,1.56%,3.34%,"1,406,112,805.00",3.45%,"2,694.00",0.60%,30/06/2024
25 - Inst. Deuda Corto Plazo $,BBVA CASH DOLARES CONTINENTAL FM,CONTINENTAL FM,2/12/08,$,119.6790495,2.47%,4.42%,1.22%,0.10%,0.71%,1.88%,"2,959,522,214.10",7.25%,"19,699.00",4.38%,30/06/2024
25 - Inst. Deuda Corto Plazo $,BBVA RENTA CORTO PLAZO $ CONTINENTAL FM,CONTINENTAL FM,16/06/2000,$,174.9786415,2.56%,4.65%,0.36%,0.21%,1.18%,2.38%,"648,529,608.96",1.59%,"2,663.00",0.59%,30/06/2024
25 - Inst. Deuda Corto Plazo $,CRED. CONSER. CORTO PLAZO $ CREDIFONDO SAF,CREDIFONDO SAF,18/02/2014,$,122.39273,2.60%,5.16%,1.45%,0.34%,2.41%,2.97%,"1,352,590,298.88",3.32%,"5,345.00",1.19%,30/06/2024
25 - Inst. Deuda Corto Plazo $,CRED. CONSERVADOR LIQUIDEZ $ CREDIFONDO SAF,CREDIFONDO SAF,6/5/99,$,184.531958,2.53%,4.83%,1.58%,0.28%,0.99%,2.19%,"2,986,046,639.47",7.32%,"14,539.00",3.24%,30/06/2024
25 - Inst. Deuda Corto Plazo $,DIVISO CONSERVADOR DOLARES DIVISO FONDOS SAF S.A.,DIVISO FONDOS SAF S.A.,19/03/2015,$,111.257771,-9.77%,5.36%,0.88%,2.93%,2.62%,3.40%,"3,993,197.70",0.01%,89,0.02%,30/06/2024
25 - Inst. Deuda Corto Plazo $,FARO CORTO PLAZO DOLARES FARO CAPITAL SAFI,FARO CAPITAL SAFI,9/8/22,$,0,,,,,,,"8,236,943.49",0.02%,23,0.01%,30/06/2024
25 - Inst. Deuda Corto Plazo $,FARO CAPITAL SAFI-FARO CORTO PLAZO DOLARES SERIE A,FARO CAPITAL SAFI,9/8/22,$,104.4776668,2.55%,0.89%,0.94%,,,,,,1,0.00%,30/06/2024
25 - Inst. Deuda Corto Plazo $,FARO CAPITAL SAFI-FARO CORTO PLAZO DOLARES SERIE B,FARO CAPITAL SAFI,9/8/22,$,108.24511,2.48%,4.48%,0.92%,,,,,,22,0.00%,30/06/2024
25 - Inst. Deuda Corto Plazo $,SF LIQUIDEZ $ SCOTIA FONDOS,SCOTIA FONDOS,31/01/2023,$,10.71694887,2.38%,4.22%,,,,,"2,713,326,597.72",6.65%,"10,060.00",2.24%,30/06/2024
25 - Inst. Deuda Corto Plazo $,SURA CORTO PLAZO DOLARES FONDOS SURA SAF,FONDOS SURA SAF,31/08/2009,$,134.6356412,2.53%,4.82%,1.38%,0.65%,1.73%,3.11%,"158,920,758.64",0.39%,697,0.16%,30/06/2024
25 - Inst. Deuda Corto Plazo $,SURA ULTRA CASH DOLARES FONDOS SURA SAF,FONDOS SURA SAF,19/07/2012,$,121.3807795,2.54%,4.79%,1.49%,0.41%,1.16%,2.50%,"1,106,026,102.76",2.71%,"2,370.00",0.53%,30/06/2024
29 - Flexible,BLUM BONOS GLOBALES FM BLUM SAF,BLUM SAF,25/03/2024,$,10.10428967,0.91%,,,,,,"56,543,864.08",0.14%,15,0.00%,30/06/2024
29 - Flexible,Blum Capital Global FM BLUM SAF,BLUM SAF,23/09/2022,$,0,,,,,,,"9,273,273.88",0.02%,166,0.04%,30/06/2024
29 - Flexible,BLUM SAF-Blum Capital Global FM SERIE A,BLUM SAF,23/09/2022,$,12.79915073,7.37%,13.45%,4.89%,,,,"9,273,273.88",0.02%,3,0.00%,30/06/2024
29 - Flexible,BLUM SAF-Blum Capital Global FM SERIE B,BLUM SAF,23/09/2022,$,12.76262362,7.26%,13.25%,4.84%,,,,"9,273,273.88",0.02%,162,0.04%,30/06/2024
29 - Flexible,BLUM SAF-Blum Capital Global FM SERIE I,BLUM SAF,23/09/2022,$,12.85090266,7.49%,13.68%,4.94%,,,,"9,273,273.88",0.02%,1,0.00%,30/06/2024
29 - Flexible,Blum Cash FM BLUM SAF,BLUM SAF,11/8/22,$,10.82516466,2.49%,4.59%,0.92%,,,,"28,684,231.56",0.07%,155,0.03%,30/06/2024
29 - Flexible,Blum Cash S/ FM BLUM SAF,BLUM SAF,12/12/23,S/.,10.93034338,2.79%,0.39%,,,,,"2,962,710.39",0.01%,363,0.08%,30/06/2024
29 - Flexible,BLUM MONEY MARKET $ FM BLUM SAF,BLUM SAF,14/02/2023,$,10.71461101,2.62%,4.41%,,,,,"30,344,010.98",0.07%,14,0.00%,30/06/2024
29 - Flexible,Blum Renta Global FM BLUM SAF,BLUM SAF,16/03/2022,$,0,,,,,,,"6,299,126.76",0.02%,120,0.03%,30/06/2024
29 - Flexible,BLUM SAF-Blum Renta Global FM SERIE A,BLUM SAF,16/03/2022,$,10.29807716,2.73%,6.22%,-5.71%,,,,"6,299,126.76",0.02%,8,0.00%,30/06/2024
29 - Flexible,BLUM SAF-Blum Renta Global FM SERIE B,BLUM SAF,16/03/2022,$,10.25834108,2.63%,6.06%,-5.84%,,,,"6,299,126.76",0.02%,112,0.02%,30/06/2024
29 - Flexible,BLUM SAF-Blum Renta Global FM SERIE I,BLUM SAF,16/03/2022,$,10.12273914,-100.00%,6.41%,-5.57%,,,,,,1,0.00%,15/04/2024
29 - Flexible,CC DEUDA CORPORATIVA SOLES CREDIFONDO SAF,CREDIFONDO SAF,31/07/2019,S/.,116.245448,4.63%,13.62%,-5.39%,-3.77%,5.61%,1.48%,"49,666,493.01",0.12%,388,0.09%,30/06/2024
29 - Flexible,CC FACTORING $ CREDIFONDO SAF,CREDIFONDO SAF,20/06/2023,$,107.490747,3.53%,3.82%,,,,,"347,001,866.78",0.85%,847,0.19%,30/06/2024
29 - Flexible,CC RENTA OPERATIVA I (FI) CREDIFONDO SAF,CREDIFONDO SAF,28/06/2019,$,131.365148,3.08%,6.76%,5.49%,4.88%,4.80%,2.59%,"146,550,231.82",0.36%,535,0.12%,30/06/2024
29 - Flexible,CORIL CASH CONSERVADOR S/ CORIL SAF,CORIL SAF,10/8/22,S/.,1121.334,3.02%,6.25%,2.36%,,,,"5,336,592.61",0.01%,24,0.01%,30/06/2024
29 - Flexible,CRED CAP FACTORING S/ CREDIFONDO SAF,CREDIFONDO SAF,7/12/20,S/.,126.063665,3.92%,8.29%,6.73%,4.18%,0.48%,,"67,014,639.52",0.16%,277,0.06%,30/06/2024
29 - Flexible,FARO DEUDA GLOBAL FARO CAPITAL SAFI,FARO CAPITAL SAFI,29/05/2018,$,0,,,,,,,"66,166,014.71",0.16%,49,0.01%,30/06/2024
29 - Flexible,FARO CAPITAL SAFI-FARO DEUDA GLOBAL SERIE A,FARO CAPITAL SAFI,29/05/2018,$,102.3194498,-0.43%,4.47%,-11.74%,-1.94%,6.17%,6.56%,,,4,0.00%,30/06/2024
29 - Flexible,FARO CAPITAL SAFI-FARO DEUDA GLOBAL SERIE B,FARO CAPITAL SAFI,29/05/2018,$,101.425969,-0.49%,4.35%,-11.84%,-2.05%,6.04%,6.35%,,,8,0.00%,30/06/2024
29 - Flexible,FARO CAPITAL SAFI-FARO DEUDA GLOBAL SERIE C,FARO CAPITAL SAFI,29/05/2018,$,100.2603365,-0.55%,4.23%,-11.94%,-2.17%,5.92%,5.97%,,,37,0.01%,30/06/2024
29 - Flexible,IF Futuro Seguro $ INTERFONDO,INTERFONDO,27/12/2021,$,48.7254,4.56%,8.32%,-13.85%,-0.03%,,,"8,421,311.21",0.02%,120,0.03%,30/06/2024
29 - Flexible,IF Futuro Seguro S/ INTERFONDO,INTERFONDO,27/12/2021,S/.,101.5033,4.56%,10.38%,-12.01%,-0.05%,,,"3,569,611.00",0.01%,95,0.02%,30/06/2024
29 - Flexible,IF INVERSION GLOBAL INTERFONDO,INTERFONDO,26/01/2015,$,68.5016,8.71%,14.05%,-20.28%,11.75%,14.96%,15.65%,"28,609,026.84",0.07%,646,0.14%,30/06/2024
29 - Flexible,IF OPORTUNIDAD INTERFONDO,INTERFONDO,6/12/13,$,0,,,,-100.00%,2.05%,2.69%,"293,054,894.42",0.72%,"3,848.00",0.86%,30/06/2024
29 - Flexible,INTERFONDO-IF OPORTUNIDAD SERIE A,INTERFONDO,6/12/13,$,58.5528,1.91%,3.36%,1.44%,,,,,,"3,749.00",0.83%,30/06/2024
29 - Flexible,INTERFONDO-IF OPORTUNIDAD SERIE B,INTERFONDO,6/12/13,$,58.9178,2.01%,3.54%,1.62%,,,,,,94,0.02%,30/06/2024
29 - Flexible,INTERFONDO-IF OPORTUNIDAD SERIE C,INTERFONDO,6/12/13,$,58.5527,,,,,,,,,5,0.00%,30/06/2024
29 - Flexible,IF OPORTUNIDAD SOLES INTERFONDO,INTERFONDO,16/11/2012,S/.,0,,,,,-100.00%,3.52%,"419,861,239.57",1.03%,"6,606.00",1.47%,30/06/2024
29 - Flexible,INTERFONDO-IF OPORTUNIDAD SOLES SERIE A,INTERFONDO,16/11/2012,S/.,144.5933,2.94%,7.80%,0.26%,-1.01%,,,,,"6,493.00",1.45%,30/06/2024
29 - Flexible,INTERFONDO-IF OPORTUNIDAD SOLES SERIE B,INTERFONDO,16/11/2012,S/.,145.2361,3.00%,7.92%,0.38%,-0.89%,,,,,38,0.01%,30/06/2024
29 - Flexible,INTERFONDO-IF OPORTUNIDAD SOLES SERIE C,INTERFONDO,16/11/2012,S/.,144.6055,,,,,,,,,75,0.02%,30/06/2024
29 - Flexible,IF Portafolio Dinámico INTERFONDO,INTERFONDO,28/12/2017,$,71.5398,2.05%,5.04%,2.82%,2.17%,5.92%,6.88%,"86,104,540.30",0.21%,488,0.11%,30/06/2024
29 - Flexible,IF Portafolio Dinamico Soles INTERFONDO,INTERFONDO,5/5/21,S/.,0,,-100.00%,10.22%,9.98%,,,"428,574,973.53",1.05%,"3,533.00",0.79%,30/06/2024
29 - Flexible,INTERFONDO-IF Portafolio Dinamico Soles SERIE A,INTERFONDO,5/5/21,S/.,133.7327,2.74%,,,,,,,,"3,479.00",0.77%,30/06/2024
29 - Flexible,INTERFONDO-IF Portafolio Dinamico Soles SERIE B,INTERFONDO,5/5/21,S/.,134.1351,2.98%,,,,,,,,54,0.01%,30/06/2024
29 - Flexible,INDEPENDIENTE PMG INDEPENDIENTE SAF,INDEPENDIENTE SAF,31/12/2020,$,107.5756292,4.28%,8.29%,-8.81%,4.72%,-0.28%,,"52,449,627.44",0.13%,955,0.21%,30/06/2024
29 - Flexible,SCOTIA DEPÓSITO DISPONIBLE S/. SCOTIA FONDOS,SCOTIA FONDOS,16/08/2011,S/.,12.3066796,3.79%,-12.96%,1.09%,0.89%,1.96%,2.94%,"61,404,110.36",0.15%,"8,312.00",1.85%,30/06/2024
29 - Flexible,SCOTIA FONDO CASH $ SCOTIA FONDOS,SCOTIA FONDOS,7/3/01,$,16.16575803,2.42%,-3.10%,-1.86%,0.94%,1.35%,2.89%,"66,840,621.79",0.16%,"2,078.00",0.46%,30/06/2024
29 - Flexible,SCOTIA FONDO CASH S/. SCOTIA FONDOS,SCOTIA FONDOS,21/06/2001,S/.,20.65252548,2.56%,-6.19%,-1.77%,-0.54%,3.58%,3.96%,"61,040,534.40",0.15%,"5,515.00",1.23%,30/06/2024
29 - Flexible,SCOTIA FONDO PREMIUM $ SCOTIA FONDOS,SCOTIA FONDOS,2/7/96,$,20.37864019,1.43%,3.39%,-24.72%,-0.48%,5.28%,4.94%,"40,478,822.19",0.10%,"1,768.00",0.39%,30/06/2024
29 - Flexible,SCOTIA FONDO PREMIUM S/. SCOTIA FONDOS,SCOTIA FONDOS,17/04/2007,S/.,11.95571475,0.74%,-0.23%,-30.65%,-0.62%,5.89%,6.62%,"11,720,505.64",0.03%,"1,757.00",0.39%,30/06/2024
29 - Flexible,SF Corto Plazo Plus $ SCOTIA FONDOS,SCOTIA FONDOS,1/12/23,$,10.43318031,2.42%,0.57%,,,,,"486,410,149.30",1.19%,"1,118.00",0.25%,30/06/2024
29 - Flexible,SF Corto Plazo Plus S/ SCOTIA FONDOS,SCOTIA FONDOS,28/02/2024,S/.,10.21344171,1.72%,,,,,,"52,518,855.77",0.13%,336,0.07%,30/06/2024
29 - Flexible,SF INST DE RENTA $ IX SCOTIA FONDOS,SCOTIA FONDOS,25/04/2023,$,1143.78602,0.26%,13.71%,,,,,"11,393,639.67",0.03%,12,0.00%,30/06/2024
29 - Flexible,SF Inst. Renta $ VIII SCOTIA FONDOS,SCOTIA FONDOS,13/12/2022,$,1124.993767,-2.10%,19.26%,-3.98%,,,,"65,933,649.14",0.16%,39,0.01%,30/06/2024
29 - Flexible,SF INSTI DE RENTA $ X SCOTIA FONDOS,SCOTIA FONDOS,9/5/23,$,1133.146778,-0.26%,13.07%,,,,,"27,403,519.74",0.07%,29,0.01%,30/06/2024
29 - Flexible,SF Insti Renta S/ 1Y II SCOTIA FONDOS,SCOTIA FONDOS,28/05/2024,S/.,1009.169014,0.49%,,,,,,"72,009,791.65",0.18%,12,0.00%,30/06/2024
29 - Flexible,SF Institucional de Renta $ XI SCOTIA FONDOS,SCOTIA FONDOS,5/9/23,$,1056.787952,-0.50%,5.84%,,,,,"28,252,593.70",0.07%,37,0.01%,30/06/2024
29 - Flexible,SF Institucional Renta $ V SCOTIA FONDOS,SCOTIA FONDOS,4/5/22,$,1109.885018,-2.52%,8.41%,4.91%,,,,"129,050,225.68",0.32%,93,0.02%,30/06/2024
29 - Flexible,SF Institucional Renta $ VI SCOTIA FONDOS,SCOTIA FONDOS,16/08/2022,$,1140.633685,-2.48%,14.72%,1.68%,,,,"115,563,554.24",0.28%,59,0.01%,30/06/2024
29 - Flexible,SF Institucional Renta $ VII SCOTIA FONDOS,SCOTIA FONDOS,12/7/22,$,1049.377476,-1.32%,2.05%,4.04%,,,,"36,491,467.89",0.09%,46,0.01%,30/06/2024
29 - Flexible,SF INSTITUCIONAL RENTA SOL 1Y SCOTIA FONDOS,SCOTIA FONDOS,17/08/2023,S/.,1082.808378,4.26%,3.23%,,,,,"85,205,213.02",0.21%,10,0.00%,30/06/2024
29 - Flexible,SF Nota Estructurada VIII SCOTIA FONDOS,SCOTIA FONDOS,10/5/24,$,103.6139943,3.28%,,,,,,"22,535,466.50",0.06%,48,0.01%,30/06/2024
29 - Flexible,SF RENTA $ 1Y VI SCOTIA FONDOS,SCOTIA FONDOS,13/07/2023,$,10.59986395,2.91%,2.77%,,,,,"111,005,824.41",0.27%,226,0.05%,30/06/2024
29 - Flexible,SF Renta $ 1Y VII SCOTIA FONDOS,SCOTIA FONDOS,13/12/2023,$,10.37457922,2.94%,0.33%,,,,,"257,684,238.36",0.63%,481,0.11%,30/06/2024
29 - Flexible,SF Renta $ 1Y VIII SCOTIA FONDOS,SCOTIA FONDOS,3/4/24,$,10.16479533,1.33%,,,,,,"186,694,501.72",0.46%,254,0.06%,30/06/2024
29 - Flexible,SF RENTA $ 6M XIX SCOTIA FONDOS,SCOTIA FONDOS,2/2/24,$,10.25516964,2.23%,,,,,,"274,616,552.91",0.67%,549,0.12%,30/06/2024
29 - Flexible,SF Renta $ 6M XX SCOTIA FONDOS,SCOTIA FONDOS,3/4/24,$,10.16856708,1.37%,,,,,,"185,898,855.48",0.46%,471,0.10%,30/06/2024
29 - Flexible,SF RENTA SOLES 6M V SCOTIA FONDOS,SCOTIA FONDOS,19/06/2024,S/.,10.06454506,-89.97%,,,,,,"300,219,846.01",0.74%,802,0.18%,30/06/2024
29 - Flexible,SFNotaEstructurada IV-F. Insti SCOTIA FONDOS,SCOTIA FONDOS,4/1/22,$,94.7250035,4.60%,3.12%,-12.22%,,,,"33,859,137.65",0.08%,53,0.01%,30/06/2024
30 - Fondo de Fondos,INDEPENDIENTE SAF,INDEPENDIENTE SAF,11/6/24,$,0,,,,,,,"8,864,774.44",0.02%,31,0.01%,30/06/2024
30 - Fondo de Fondos,INDEPENDIENTE SAF-- SERIE A,INDEPENDIENTE SAF,11/6/24,$,100.1334883,0.13%,,,,,,,,30,0.01%,30/06/2024
30 - Fondo de Fondos,INDEPENDIENTE SAF-- SERIE D,INDEPENDIENTE SAF,11/6/24,$,100.13391,0.13%,,,,,,,,1,0.00%,30/06/2024
30 - Fondo de Fondos,CRED CAP. INVESTMENT GRADE CREDIFONDO SAF,CREDIFONDO SAF,4/9/18,$,114.657437,1.67%,5.95%,-10.81%,-2.18%,8.79%,12.27%,"156,749,435.46",0.38%,884,0.20%,30/06/2024
30 - Fondo de Fondos,CRED CAP VISION I CREDIFONDO SAF,CREDIFONDO SAF,8/2/16,$,116.91392,1.54%,5.79%,-13.88%,0.27%,6.07%,10.20%,"103,351,707.36",0.25%,697,0.16%,30/06/2024
30 - Fondo de Fondos,CRED CAP VISION III CREDIFONDO SAF,CREDIFONDO SAF,10/2/16,$,152.437353,5.94%,11.75%,-17.79%,8.24%,10.12%,18.16%,"40,423,385.44",0.10%,721,0.16%,30/06/2024
30 - Fondo de Fondos,CRED. DEUDA GLOBAL CREDIFONDO SAF,CREDIFONDO SAF,25/03/2013,$,111.23447,0.97%,5.55%,-15.55%,-1.17%,6.19%,10.42%,"19,944,546.16",0.05%,596,0.13%,30/06/2024
30 - Fondo de Fondos,CRED. EQUILIBRADO VCS CREDIFONDO SAF,CREDIFONDO SAF,16/06/2008,S/.,112.696365,7.63%,6.62%,-20.27%,-5.73%,2.91%,3.81%,"10,237,570.40",0.03%,840,0.19%,30/06/2024
30 - Fondo de Fondos,CREDI. ACC. LATAM-PACIFICO CREDIFONDO SAF,CREDIFONDO SAF,14/08/2012,$,52.504172,-16.95%,26.69%,-1.87%,-8.82%,-5.86%,10.15%,"9,461,290.73",0.02%,185,0.04%,30/06/2024
30 - Fondo de Fondos,CREDICORP ACCIONES ASIA CREDIFONDO SAF,CREDIFONDO SAF,5/6/17,$,123.369785,7.09%,0.39%,-18.41%,-4.37%,24.73%,21.03%,"28,871,338.28",0.07%,470,0.10%,30/06/2024
30 - Fondo de Fondos,CREDICORP ACCIONES EEUU CREDIFONDO SAF,CREDIFONDO SAF,26/05/2017,$,228.06476,12.67%,34.41%,-30.16%,18.73%,28.82%,29.28%,"166,762,599.17",0.41%,"2,004.00",0.45%,30/06/2024
30 - Fondo de Fondos,CREDICORP ACCIONES EUROPA CREDIFONDO SAF,CREDIFONDO SAF,26/05/2017,$,172.411618,8.21%,21.46%,-26.55%,29.02%,14.04%,36.40%,"55,238,012.25",0.14%,898,0.20%,30/06/2024
30 - Fondo de Fondos,Credicorp Activos Preferentes CREDIFONDO SAF,CREDIFONDO SAF,6/6/18,$,117.228002,3.48%,7.09%,-10.28%,1.27%,4.06%,14.70%,"64,817,785.58",0.16%,444,0.10%,30/06/2024
30 - Fondo de Fondos,CREDICORP DEUDA FLOTANTE CREDIFONDO SAF,CREDIFONDO SAF,2/3/17,$,124.91139,3.02%,10.29%,-3.82%,6.16%,0.66%,6.24%,"72,568,757.05",0.18%,696,0.15%,30/06/2024
30 - Fondo de Fondos,CREDICORP DEUDA HIGH YIELD CREDIFONDO SAF,CREDIFONDO SAF,2/3/17,$,124.299759,1.88%,10.06%,-8.62%,2.27%,3.63%,12.45%,"120,179,522.08",0.29%,642,0.14%,30/06/2024
30 - Fondo de Fondos,FdeF BBVA Apreciacion Capital CONTINENTAL FM,CONTINENTAL FM,24/01/2014,$,136.8879543,7.50%,13.72%,-9.40%,9.73%,3.87%,8.63%,"40,995,515.82",0.10%,319,0.07%,30/06/2024
30 - Fondo de Fondos,FdeF BBVA Generacion de Flujo CONTINENTAL FM,CONTINENTAL FM,1/3/10,$,96.34215839,-0.20%,5.63%,-14.30%,2.37%,3.09%,-0.78%,"39,803,103.56",0.10%,191,0.04%,30/06/2024
30 - Fondo de Fondos,FdeF BBVA Preservacion Capital CONTINENTAL FM,CONTINENTAL FM,23/02/2010,$,103.769162,1.61%,4.52%,-0.85%,-0.39%,1.08%,-0.11%,"25,476,542.62",0.06%,100,0.02%,30/06/2024
30 - Fondo de Fondos,FdeF BTG Renta Internacional BTG PACTUAL PERU SAF,BTG PACTUAL PERU SAF,16/10/2020,$,0,,,,,,,"3,760,023.89",0.01%,13,0.00%,30/06/2024
30 - Fondo de Fondos,BTG PACTUAL PERU SAF-FdeF BTG Renta Internacional SERIE A,BTG PACTUAL PERU SAF,16/10/2020,$,108.6926934,2.25%,8.23%,-14.51%,10.04%,4.37%,,,,13,0.00%,30/06/2024
30 - Fondo de Fondos,BTG PACTUAL PERU SAF-FdeF BTG Renta Internacional SERIE B,BTG PACTUAL PERU SAF,16/10/2020,$,110.5181628,,,,-100.00%,4.47%,,,,2,0.00%,19/08/2021
30 - Fondo de Fondos,FdeF CC Acciones Innovacion CREDIFONDO SAF,CREDIFONDO SAF,26/04/2021,$,108.664914,20.80%,39.33%,-38.91%,5.91%,,,"50,878,829.17",0.12%,459,0.10%,30/06/2024
30 - Fondo de Fondos,FdeF CRED ACC SECTOR SEGURID CREDIFONDO SAF,CREDIFONDO SAF,2/10/18,$,146.19031,8.16%,19.38%,-31.87%,18.94%,21.14%,28.59%,"36,920,901.19",0.09%,499,0.11%,30/06/2024
30 - Fondo de Fondos,FdeF Cred Renta Estrategica CREDIFONDO SAF,CREDIFONDO SAF,13/02/2019,$,113.658589,1.69%,7.17%,-7.51%,1.58%,5.35%,5.23%,"402,980,256.64",0.99%,908,0.20%,30/06/2024
30 - Fondo de Fondos,FdeF IF Global Thematics INTERFONDO,INTERFONDO,26/03/2021,$,53.9101,12.45%,21.48%,-27.44%,8.97%,,,"15,067,136.74",0.04%,313,0.07%,30/06/2024
30 - Fondo de Fondos,FdF BBVA Renta Fija Mcdo Emerg CONTINENTAL FM,CONTINENTAL FM,2/2/24,$,104.2084925,3.08%,,,,,,"43,141,412.30",0.11%,182,0.04%,30/06/2024
30 - Fondo de Fondos,FdF CC Acciones China CREDIFONDO SAF,CREDIFONDO SAF,1/3/21,$,49.870373,-0.63%,-22.29%,-34.01%,-1.23%,,,"5,619,706.85",0.01%,114,0.03%,30/06/2024
30 - Fondo de Fondos,FdF CC Duración Objetivo Latam CREDIFONDO SAF,CREDIFONDO SAF,10/5/24,$,101.083919,0.75%,,,,,,"41,986,809.54",0.10%,159,0.04%,30/06/2024
30 - Fondo de Fondos,FDF CRED CAP VISION II CREDIFONDO SAF,CREDIFONDO SAF,8/2/16,$,139.226128,4.17%,9.56%,-16.66%,5.13%,9.02%,15.31%,"160,211,985.52",0.39%,"1,281.00",0.29%,30/06/2024
30 - Fondo de Fondos,FdF Cred. Tendencias Globales CREDIFONDO SAF,CREDIFONDO SAF,19/10/2020,$,100.241199,9.98%,29.15%,-35.75%,1.20%,8.79%,,"39,246,228.71",0.10%,293,0.07%,30/06/2024
30 - Fondo de Fondos,FdF Credicorp Deuda Flexible CREDIFONDO SAF,CREDIFONDO SAF,16/07/2020,$,98.1617,-0.28%,7.52%,-12.41%,-0.42%,5.05%,,"54,743,913.91",0.13%,160,0.04%,30/06/2024
30 - Fondo de Fondos,FdF Credicorp Impacto Sostenib CREDIFONDO SAF,CREDIFONDO SAF,6/12/21,$,85.326353,4.60%,7.80%,-22.42%,2.15%,,,"9,053,768.45",0.02%,146,0.03%,30/06/2024
30 - Fondo de Fondos,FdF ED ACC GLOB OPT EL DORADO SAF,EL DORADO SAF,29/01/2024,$,0,,,,,,,"1,263,670.60",0.00%,10,0.00%,30/06/2024
30 - Fondo de Fondos,EL DORADO SAF-FdF ED ACC GLOB OPT SERIE A,EL DORADO SAF,29/01/2024,$,109.79219,,,,,,,,,1,0.00%,30/06/2024
30 - Fondo de Fondos,EL DORADO SAF-FdF ED ACC GLOB OPT SERIE B,EL DORADO SAF,29/01/2024,$,109.6611854,9.66%,,,,,,,,9,0.00%,30/06/2024
30 - Fondo de Fondos,FdF El Dorado Instr Deuda EEUU EL DORADO SAF,EL DORADO SAF,7/6/22,$,0,,,,,,,"5,803,672.16",0.01%,18,0.00%,30/06/2024
30 - Fondo de Fondos,EL DORADO SAF-FdF El Dorado Instr Deuda EEUU SERIE A,EL DORADO SAF,7/6/22,$,118.1517935,6.07%,9.11%,2.00%,,,,,,9,0.00%,30/06/2024
30 - Fondo de Fondos,EL DORADO SAF-FdF El Dorado Instr Deuda EEUU SERIE B,EL DORADO SAF,7/6/22,$,117.0475564,5.91%,8.79%,1.83%,,,,,,8,0.00%,30/06/2024
30 - Fondo de Fondos,EL DORADO SAF-FdF El Dorado Instr Deuda EEUU SERIE I,EL DORADO SAF,7/6/22,$,118.4575332,6.13%,9.24%,2.07%,,,,,,1,0.00%,30/06/2024
30 - Fondo de Fondos,FdF Faro Deuda Global FARO CAPITAL SAFI,FARO CAPITAL SAFI,11/6/20,$,97.18760976,-0.67%,3.73%,-12.37%,-2.30%,,,"6,974,287.20",0.02%,76,0.02%,30/06/2024
30 - Fondo de Fondos,FdF Faro Global Innovation FARO CAPITAL SAFI,FARO CAPITAL SAFI,27/01/2020,$,125.5341803,6.43%,22.05%,-30.88%,-2.71%,44.11%,,"6,031,392.52",0.01%,104,0.02%,30/06/2024
30 - Fondo de Fondos,FdF Faro Renta Variable Global FARO CAPITAL SAFI,FARO CAPITAL SAFI,11/6/20,$,147.0044,8.74%,16.17%,-21.28%,11.21%,,,"18,164,541.04",0.04%,131,0.03%,30/06/2024
30 - Fondo de Fondos,FdF IF Enfoque Global INTERFONDO,INTERFONDO,18/12/2019,$,49.0942,0.97%,3.85%,-9.01%,-0.69%,3.77%,-0.11%,"15,895,319.81",0.04%,221,0.05%,30/06/2024
30 - Fondo de Fondos,FdF IF Inversión EEUU FMIV INTERFONDO,INTERFONDO,1/12/22,$,64.5908,11.58%,21.65%,-5.20%,,,,"8,766,214.55",0.02%,354,0.08%,30/06/2024
30 - Fondo de Fondos,FdF IF RealState Student Accom INTERFONDO,INTERFONDO,27/09/2021,$,55.2633,2.05%,2.46%,5.04%,0.53%,,,"332,265,013.88",0.81%,898,0.20%,30/06/2024
30 - Fondo de Fondos,FdF IF XIX Rend Global 360 INTERFONDO,INTERFONDO,25/08/2023,$,52.3584,2.44%,1.81%,,,,,"66,062,411.30",0.16%,353,0.08%,30/06/2024
30 - Fondo de Fondos,FdF IF XVIII Rend Global 360 INTERFONDO,INTERFONDO,27/07/2023,$,52.5339,2.49%,2.23%,,,,,"92,579,006.60",0.23%,416,0.09%,30/06/2024
30 - Fondo de Fondos,FdF IF XX Rend Global 360 INTERFONDO,INTERFONDO,22/09/2023,$,52.1443,2.50%,1.37%,,,,,"60,555,635.26",0.15%,370,0.08%,30/06/2024
30 - Fondo de Fondos,FdF IF XXI Rend Global 360 INTERFONDO,INTERFONDO,26/10/2023,$,51.933,2.51%,0.88%,,,,,"58,847,187.33",0.14%,399,0.09%,30/06/2024
30 - Fondo de Fondos,FdF IF XXIII Rend Global 360 INTERFONDO,INTERFONDO,8/2/24,$,51.1148,2.01%,,,,,,"39,838,118.20",0.10%,222,0.05%,30/06/2024
30 - Fondo de Fondos,FdF IF XXIV Rend Global 360 INTERFONDO,INTERFONDO,25/04/2024,$,50.5617,0.87%,,,,,,"103,229,900.91",0.25%,415,0.09%,30/06/2024
30 - Fondo de Fondos,FdF IF XXV Rend Global 360 INTERFONDO,INTERFONDO,15/03/2024,$,50.7736,1.35%,,,,,,"34,591,895.73",0.08%,251,0.06%,30/06/2024
30 - Fondo de Fondos,FdF IF XXVI Rend Global 360 INTERFONDO,INTERFONDO,1/4/24,$,50.6977,1.17%,,,,,,"64,764,253.84",0.16%,334,0.07%,30/06/2024
30 - Fondo de Fondos,FdF IF XXVIII Rend Global 360 INTERFONDO,INTERFONDO,4/6/24,$,50.2952,0.32%,,,,,,"81,750,613.33",0.20%,400,0.09%,30/06/2024
30 - Fondo de Fondos,FdF Part y Crec Int BLANCO SAFI S.A.C.,BLANCO SAFI S.A.C.,19/04/2023,$,0,,,,,,,"4,341,869.07",0.01%,31,0.01%,30/06/2024
30 - Fondo de Fondos,BLANCO SAFI S.A.C.-FdF Part y Crec Int SERIE A,BLANCO SAFI S.A.C.,19/04/2023,$,1.021003,0.11%,,,,,,,,20,0.00%,30/06/2024
30 - Fondo de Fondos,BLANCO SAFI S.A.C.-FdF Part y Crec Int SERIE B,BLANCO SAFI S.A.C.,19/04/2023,$,1.023342,0.03%,,,,,,,,11,0.00%,30/06/2024
30 - Fondo de Fondos,FdF Sura Corto Plazo Global FONDOS SURA SAF,FONDOS SURA SAF,15/11/2022,$,108.2672877,2.46%,4.70%,0.46%,,,,"84,753,632.87",0.21%,376,0.08%,30/06/2024
30 - Fondo de Fondos,FdF SURA RENTA DOLARES FONDOS SURA SAF,FONDOS SURA SAF,14/06/2005,$,177.0499943,0.65%,4.22%,-1.08%,-1.34%,7.68%,7.77%,"53,654,113.61",0.13%,524,0.12%,30/06/2024
30 - Fondo de Fondos,FF BBVA ACC GLOB MILLENIALS CONTINENTAL FM,CONTINENTAL FM,16/01/2023,$,125.8677674,16.28%,8.13%,,,,,"2,759,560.62",0.01%,40,0.01%,30/06/2024
30 - Fondo de Fondos,FF BBVA ACC TENDENC GLOB CONTINENTAL FM,CONTINENTAL FM,15/04/2010,$,118.2765272,5.58%,13.28%,-23.34%,6.76%,9.23%,22.26%,"41,699,460.91",0.10%,353,0.08%,30/06/2024
30 - Fondo de Fondos,FF BBVA ACCIONES GLOB RE CONTINENTAL FM,CONTINENTAL FM,10/8/22,$,87.84196432,-4.15%,6.53%,-14.05%,,,,"9,541,240.11",0.02%,81,0.02%,30/06/2024
30 - Fondo de Fondos,FF BBVA DIST EST GLOBAL CONTINENTAL FM,CONTINENTAL FM,9/5/18,$,112.6457351,1.58%,7.15%,-8.73%,0.72%,7.03%,4.89%,"319,069,944.57",0.78%,742,0.17%,30/06/2024
30 - Fondo de Fondos,FF BBVA DIST HIGH YIELD EEUU CONTINENTAL FM,CONTINENTAL FM,7/7/21,$,101.5106488,1.66%,12.27%,-11.70%,0.74%,,,"45,801,961.58",0.11%,194,0.04%,30/06/2024
30 - Fondo de Fondos,FF BBVA ESTRATE CONSERV $ CONTINENTAL FM,CONTINENTAL FM,6/6/02,$,168.3333241,1.83%,5.14%,-5.89%,1.44%,2.48%,5.84%,"19,350,291.63",0.05%,110,0.02%,30/06/2024
30 - Fondo de Fondos,FF BBVA ESTRATE CONSERV S/ CONTINENTAL FM,CONTINENTAL FM,21/04/1998,S/.,250.9135693,1.56%,6.64%,-4.29%,0.97%,0.13%,4.12%,"13,878,029.96",0.03%,599,0.13%,30/06/2024
30 - Fondo de Fondos,FF BBVA ESTRATE DINAMICO $ CONTINENTAL FM,CONTINENTAL FM,6/10/11,$,62.17019743,3.24%,8.88%,-11.19%,1.25%,-6.37%,9.24%,"2,815,873.79",0.01%,119,0.03%,30/06/2024
30 - Fondo de Fondos,FF BBVA ESTRATE DINAMICO S/ CONTINENTAL FM,CONTINENTAL FM,16/03/2007,S/.,114.857448,3.19%,10.77%,-9.68%,11.56%,-4.83%,0.43%,"17,623,299.12",0.04%,"1,478.00",0.33%,30/06/2024
30 - Fondo de Fondos,FF BBVA ESTRATE EQUILIBRA $ CONTINENTAL FM,CONTINENTAL FM,18/03/2021,$,102.5936347,2.35%,7.34%,-8.36%,1.93%,,,"2,466,454.40",0.01%,76,0.02%,30/06/2024
30 - Fondo de Fondos,FF BBVA ESTRATE EQUILIBRA S/ CONTINENTAL FM,CONTINENTAL FM,19/03/2007,S/.,136.412698,2.21%,8.75%,-7.17%,4.50%,-0.87%,4.24%,"13,276,790.67",0.03%,"2,010.00",0.45%,30/06/2024
30 - Fondo de Fondos,FF CC LATAM INNOVACION CREDIFONDO SAF,CREDIFONDO SAF,3/7/23,$,89.488932,-17.37%,7.35%,,,,,"2,938,832.51",0.01%,405,0.09%,30/06/2024
30 - Fondo de Fondos,FF CC RENTA GLOBAL INV GRADE CREDIFONDO SAF,CREDIFONDO SAF,10/11/22,$,109.019682,0.85%,6.35%,1.24%,,,,"64,372,503.74",0.16%,358,0.08%,30/06/2024
30 - Fondo de Fondos,FF Creci Inmobiliario EEUU EL DORADO SAF,EL DORADO SAF,4/1/21,$,0,,,,,,,"96,821,559.42",0.24%,240,0.05%,30/06/2024
30 - Fondo de Fondos,EL DORADO SAF-FF Creci Inmobiliario EEUU SERIE A,EL DORADO SAF,4/1/21,$,109.6274218,0.60%,2.30%,2.14%,4.27%,,,,,186,0.04%,30/06/2024
30 - Fondo de Fondos,EL DORADO SAF-FF Creci Inmobiliario EEUU SERIE B,EL DORADO SAF,4/1/21,$,109.6430782,0.60%,2.30%,2.14%,4.27%,,,,,54,0.01%,30/06/2024
30 - Fondo de Fondos,FONDO D FONDOS DEUDA LATAM CREDIFONDO SAF,CREDIFONDO SAF,7/8/12,$,132.154761,4.56%,5.94%,-9.28%,-0.13%,2.27%,13.31%,"99,147,351.12",0.24%,571,0.13%,30/06/2024
30 - Fondo de Fondos,Fondo de F. Cred. Cons. Global CREDIFONDO SAF,CREDIFONDO SAF,14/12/2017,$,159.111657,2.43%,14.40%,-17.17%,19.29%,11.19%,25.72%,"140,270,837.39",0.34%,"1,052.00",0.23%,30/06/2024
30 - Fondo de Fondos,Independiente Agresivo $ INDEPENDIENTE SAF,INDEPENDIENTE SAF,7/12/21,$,112.7141066,10.27%,15.11%,-12.80%,1.83%,,,"23,037,223.29",0.06%,"1,866.00",0.42%,30/06/2024
30 - Fondo de Fondos,PHI DEUDA INTERNACIONAL PRUDENTIALSAF SAF,PRUDENTIALSAF SAF,22/05/2023,$,0,,,,,,,"1,190,470.79",0.00%,21,0.00%,30/06/2024
30 - Fondo de Fondos,PRUDENTIALSAF SAF-PHI DEUDA INTERNACIONAL SERIE A,PRUDENTIALSAF SAF,22/05/2023,$,9.92255269,-2.06%,1.32%,,,,,,,14,0.00%,30/06/2024
30 - Fondo de Fondos,PRUDENTIALSAF SAF-PHI DEUDA INTERNACIONAL SERIE B,PRUDENTIALSAF SAF,22/05/2023,$,10.0251875,-1.61%,1.89%,,,,,,,7,0.00%,30/06/2024
30 - Fondo de Fondos,PHI RV ESTRATEGIA GLOBAL PRUDENTIALSAF SAF,PRUDENTIALSAF SAF,26/06/2023,$,0,,,,,,,"6,454,419.18",0.02%,81,0.02%,30/06/2024
30 - Fondo de Fondos,PRUDENTIALSAF SAF-PHI RV ESTRATEGIA GLOBAL SERIE A,PRUDENTIALSAF SAF,26/06/2023,$,11.9634436,10.57%,7.97%,,,,,,,75,0.02%,30/06/2024
30 - Fondo de Fondos,PRUDENTIALSAF SAF-PHI RV ESTRATEGIA GLOBAL SERIE B,PRUDENTIALSAF SAF,26/06/2023,$,12.13256923,11.31%,8.77%,,,,,,,6,0.00%,30/06/2024
30 - Fondo de Fondos,Scotia FdF CP Internacional SCOTIA FONDOS,SCOTIA FONDOS,24/09/2021,$,10.70049917,2.12%,3.21%,-2.20%,-0.41%,,,"2,896,979.42",0.01%,34,0.01%,30/06/2024
30 - Fondo de Fondos,SCOTIA FF INSTITU RF GLOBAL SCOTIA FONDOS,SCOTIA FONDOS,26/07/2023,$,1075.0145,1.80%,4.73%,,,,,"103,574,492.26",0.25%,31,0.01%,30/06/2024
30 - Fondo de Fondos,Scotia Fondo de F. Acc. Europa SCOTIA FONDOS,SCOTIA FONDOS,20/03/2018,$,11.82536858,9.21%,23.38%,-26.74%,8.29%,8.73%,20.57%,"32,887,421.51",0.08%,207,0.05%,30/06/2024
30 - Fondo de Fondos,SCOTIA FONDO DE F. ACC. US SCOTIA FONDOS,SCOTIA FONDOS,19/06/2014,$,24.75512682,17.91%,30.52%,-28.52%,26.95%,12.65%,19.87%,"118,501,749.41",0.29%,608,0.14%,30/06/2024
30 - Fondo de Fondos,SCOTIA FONDO DE F. DEUDA HY SCOTIA FONDOS,SCOTIA FONDOS,28/03/2018,$,10.92421068,1.50%,9.99%,-12.86%,1.72%,0.91%,9.60%,"45,431,210.52",0.11%,176,0.04%,30/06/2024
30 - Fondo de Fondos,Scotia Fondo de F. Deuda IG SCOTIA FONDOS,SCOTIA FONDOS,4/5/18,$,10.08823088,1.43%,5.72%,-13.08%,-3.70%,2.98%,7.50%,"55,822,107.35",0.14%,188,0.04%,30/06/2024
30 - Fondo de Fondos,SFdF Acciones Emergentes SCOTIA FONDOS,SCOTIA FONDOS,19/08/2014,$,4.33167568,5.71%,6.29%,-33.07%,-0.97%,-13.62%,5.79%,"22,246,761.41",0.05%,226,0.05%,30/06/2024
30 - Fondo de Fondos,SFdF DISTRIBUTIVO HY SCOTIA FONDOS,SCOTIA FONDOS,11/3/20,$,979.4823984,-0.88%,4.31%,-12.27%,-2.50%,10.89%,,"5,783,674.62",0.01%,23,0.01%,30/06/2024
30 - Fondo de Fondos,SFdF Distributivo HY II SCOTIA FONDOS,SCOTIA FONDOS,9/12/20,$,795.1407759,-0.77%,3.43%,-18.70%,-5.38%,1.04%,,"84,765,869.10",0.21%,208,0.05%,30/06/2024
30 - Fondo de Fondos,SFdF DISTRIBUTIVO IG SCOTIA FONDOS,SCOTIA FONDOS,11/3/20,$,936.6779705,-0.46%,3.15%,-11.67%,-2.33%,5.85%,,"226,009,983.16",0.55%,343,0.08%,30/06/2024
30 - Fondo de Fondos,SFdF Igualdad de Genero SCOTIA FONDOS,SCOTIA FONDOS,17/09/2021,$,10.35504634,11.40%,14.30%,-22.36%,4.89%,,,"7,567,654.36",0.02%,76,0.02%,30/06/2024
30 - Fondo de Fondos,SURA ACC. NORTEAMERICANAS FONDOS SURA SAF,FONDOS SURA SAF,21/02/2014,$,26.3418981,14.07%,23.41%,-19.09%,19.29%,17.81%,26.78%,"89,678,188.01",0.22%,749,0.17%,30/06/2024
30 - Fondo de Fondos,SURA ACCIONES GLOBALES FONDOS SURA SAF,FONDOS SURA SAF,24/07/2018,$,14.7883983,9.53%,19.76%,-20.98%,13.77%,12.90%,23.25%,"42,033,760.30",0.10%,463,0.10%,30/06/2024
30 - Fondo de Fondos,SURA BONOS GLOBALES FONDOS SURA SAF,FONDOS SURA SAF,26/09/2017,$,0,,,,,,,"61,372,476.05",0.15%,325,0.07%,30/06/2024
30 - Fondo de Fondos,FONDOS SURA SAF-SURA BONOS GLOBALES SERIE A,FONDOS SURA SAF,26/09/2017,$,103.8995704,1.09%,5.83%,-7.82%,-1.17%,3.70%,8.16%,,,249,0.06%,30/06/2024
30 - Fondo de Fondos,FONDOS SURA SAF-SURA BONOS GLOBALES SERIE B,FONDOS SURA SAF,26/09/2017,$,84.8609662,-0.59%,1.89%,-10.94%,-4.33%,0.20%,7.13%,,,81,0.02%,30/06/2024
30 - Fondo de Fondos,SURA CAPITAL ESTRATEGICO I FONDOS SURA SAF,FONDOS SURA SAF,2/10/13,S/.,0,,,,,,,"12,949,051.87",0.03%,324,0.07%,30/06/2024
30 - Fondo de Fondos,FONDOS SURA SAF-SURA CAPITAL ESTRATEGICO I SERIE A,FONDOS SURA SAF,2/10/13,S/.,140.3464213,4.74%,4.06%,-13.45%,1.05%,11.27%,6.32%,,,204,0.05%,30/06/2024
30 - Fondo de Fondos,FONDOS SURA SAF-SURA CAPITAL ESTRATEGICO I SERIE B,FONDOS SURA SAF,2/10/13,S/.,144.0262361,4.87%,4.31%,-13.25%,1.29%,11.53%,6.57%,,,122,0.03%,30/06/2024
30 - Fondo de Fondos,SURA CAPITAL ESTRATEGICO II FONDOS SURA SAF,FONDOS SURA SAF,2/10/13,S/.,0,,,,,,,"20,720,545.77",0.05%,476,0.11%,30/06/2024
30 - Fondo de Fondos,FONDOS SURA SAF-SURA CAPITAL ESTRATEGICO II SERIE A,FONDOS SURA SAF,2/10/13,S/.,142.539469,6.75%,5.58%,-12.28%,1.56%,12.53%,7.98%,,,262,0.06%,30/06/2024
30 - Fondo de Fondos,FONDOS SURA SAF-SURA CAPITAL ESTRATEGICO II SERIE B,FONDOS SURA SAF,2/10/13,S/.,145.8712678,6.88%,5.83%,-12.07%,1.80%,12.79%,8.24%,,,220,0.05%,30/06/2024
30 - Fondo de Fondos,SURA DEUDA PRIV. GLOBAL FONDOS SURA SAF,FONDOS SURA SAF,30/06/2022,$,10074.99014,0.52%,0.00%,0.23%,,,,"107,998,646.77",0.26%,292,0.06%,30/06/2024
30 - Fondo de Fondos,Sura Real Estate Global Income FONDOS SURA SAF,FONDOS SURA SAF,5/7/18,$,11498.40976,-4.52%,-12.16%,5.51%,18.73%,4.79%,3.66%,"977,081,116.82",2.40%,"2,297.00",0.51%,30/06/2024
30 - Fondo de Fondos,SURA SELECCION GLOBAL I FONDOS SURA SAF,FONDOS SURA SAF,8/9/16,$,0,,,,,,,"40,056,741.07",0.10%,280,0.06%,30/06/2024
30 - Fondo de Fondos,FONDOS SURA SAF-SURA SELECCION GLOBAL I SERIE A,FONDOS SURA SAF,8/9/16,$,126.247791,4.33%,10.79%,-12.32%,0.56%,7.69%,12.41%,,,277,0.06%,30/06/2024
30 - Fondo de Fondos,FONDOS SURA SAF-SURA SELECCION GLOBAL I SERIE B,FONDOS SURA SAF,8/9/16,$,128.6053437,4.46%,11.05%,-12.11%,0.80%,7.95%,12.67%,,,3,0.00%,30/06/2024
33 - Flexible Dólares,BDC DEUDA DIVERSIFICADA FMIV BD CAPITAL SAF,BD CAPITAL SAF,16/03/2021,$,92.02457421,5.59%,-1.85%,-14.71%,4.37%,,,"22,072,655.77",0.05%,10,0.00%,30/06/2024
33 - Flexible Dólares,SCOTIA DEPÓSITO DISPONIBLE $ SCOTIA FONDOS,SCOTIA FONDOS,17/08/2011,$,11.55056364,2.18%,0.57%,0.91%,0.59%,1.39%,2.30%,"193,362,217.72",0.47%,"3,341.00",0.74%,30/06/2024
33 - Flexible Dólares,SF INSTITUCIONAL DE RENTA $ II SCOTIA FONDOS,SCOTIA FONDOS,25/09/2019,$,1033.016074,3.23%,2.10%,-9.74%,-0.02%,6.23%,2.13%,"32,874,524.13",0.08%,16,0.00%,30/06/2024
39 - Inst Deuda Duración Flexibl $,BBVA Distributivo $ FMIV CONTINENTAL FM,CONTINENTAL FM,20/12/2023,$,103.2599477,2.39%,0.24%,,,,,"28,618,052.81",0.07%,107,0.02%,30/06/2024
39 - Inst Deuda Duración Flexibl $,BBVA Super $ 10 CONTINENTAL FM,CONTINENTAL FM,5/7/23,$,106.1143765,2.81%,2.65%,,,,,"59,042,325.39",0.14%,186,0.04%,30/06/2024
39 - Inst Deuda Duración Flexibl $,BBVA SUPER $ 11 CONTINENTAL FM,CONTINENTAL FM,1/9/23,$,105.0309367,2.76%,1.78%,,,,,"66,064,287.23",0.16%,187,0.04%,30/06/2024
39 - Inst Deuda Duración Flexibl $,BBVA Super $ 12 CONTINENTAL FM,CONTINENTAL FM,2/11/23,$,104.0830815,2.59%,0.88%,,,,,"71,412,176.96",0.18%,207,0.05%,30/06/2024
39 - Inst Deuda Duración Flexibl $,BBVA SUPER DOLARES 13 CONTINENTAL FM,CONTINENTAL FM,21/12/2023,$,102.866207,2.54%,0.00%,,,,,"48,081,050.11",0.12%,137,0.03%,30/06/2024
39 - Inst Deuda Duración Flexibl $,BBVA SUPER DOLARES 14 CONTINENTAL FM,CONTINENTAL FM,7/3/24,$,102.272005,1.50%,,,,,,"123,044,865.66",0.30%,320,0.07%,30/06/2024
39 - Inst Deuda Duración Flexibl $,CC RENTA DOLARES 3Y VI CREDIFONDO SAF,CREDIFONDO SAF,19/12/2023,$,102.908464,2.36%,0.40%,,,,,"36,578,122.26",0.09%,122,0.03%,30/06/2024
39 - Inst Deuda Duración Flexibl $,CC RENTA DOLARES 3Y VII CREDIFONDO SAF,CREDIFONDO SAF,17/06/2024,$,100.530736,0.08%,,,,,,"25,952,105.06",0.06%,93,0.02%,30/06/2024
39 - Inst Deuda Duración Flexibl $,CC RENTA DOLARES 4Y VI CREDIFONDO SAF,CREDIFONDO SAF,11/8/22,$,107.425959,2.33%,5.99%,-1.05%,,,,"25,067,948.09",0.06%,107,0.02%,30/06/2024
39 - Inst Deuda Duración Flexibl $,CC RENTA OPTIM INST V CREDIFONDO SAF,CREDIFONDO SAF,2/4/24,$,101.205082,1.19%,,,,,,"53,602,494.02",0.13%,25,0.01%,30/06/2024
39 - Inst Deuda Duración Flexibl $,CC RENTA OPTIMIZAD DOLARES II CREDIFONDO SAF,CREDIFONDO SAF,13/06/2023,$,0.000001,-100.00%,2.65%,,,,,,,1,0.00%,20/06/2024
39 - Inst Deuda Duración Flexibl $,CC RENTA OPTIMIZAD DOLARES IV CREDIFONDO SAF,CREDIFONDO SAF,26/06/2023,$,105.177456,2.66%,2.36%,,,,,"26,444,668.86",0.06%,116,0.03%,30/06/2024
39 - Inst Deuda Duración Flexibl $,CC RENTA OPTIMIZAD DOLARES VI CREDIFONDO SAF,CREDIFONDO SAF,25/07/2023,$,104.641138,2.37%,2.07%,,,,,"86,188,975.16",0.21%,257,0.06%,30/06/2024
39 - Inst Deuda Duración Flexibl $,CRED DEUDA CORP LATAM HY CREDIFONDO SAF,CREDIFONDO SAF,24/01/2019,$,119.378405,4.89%,6.55%,-8.84%,0.34%,4.84%,11.11%,"109,069,813.77",0.27%,101,0.02%,30/06/2024
39 - Inst Deuda Duración Flexibl $,FdF IF XXVII Rend Global 321 INTERFONDO,INTERFONDO,17/05/2024,$,50.4218,0.56%,,,,,,"29,052,794.99",0.07%,175,0.04%,30/06/2024
39 - Inst Deuda Duración Flexibl $,IF Enfoque LATAM INTERFONDO,INTERFONDO,7/9/17,$,46.1197,1.93%,5.19%,-12.99%,-4.81%,2.85%,6.22%,"9,154,329.20",0.02%,112,0.02%,30/06/2024
39 - Inst Deuda Duración Flexibl $,IF LIBRE DISPONIBILIDAD INTERFONDO,INTERFONDO,7/7/15,$,0,-100.00%,4.28%,1.45%,0.41%,0.99%,2.13%,"2,486,392,757.64",6.09%,"20,331.00",4.52%,30/06/2024
39 - Inst Deuda Duración Flexibl $,INTERFONDO-IF LIBRE DISPONIBILIDAD SERIE A,INTERFONDO,7/7/15,$,116.3132,,,,,,,,,"20,115.00",4.48%,30/06/2024
39 - Inst Deuda Duración Flexibl $,INTERFONDO-IF LIBRE DISPONIBILIDAD SERIE B,INTERFONDO,7/7/15,$,116.316,,,,,,,,,159,0.04%,30/06/2024
39 - Inst Deuda Duración Flexibl $,INTERFONDO-IF LIBRE DISPONIBILIDAD SERIE C,INTERFONDO,7/7/15,$,116.3145,,,,,,,,,57,0.01%,30/06/2024
39 - Inst Deuda Duración Flexibl $,SURA PLAZO DEFINIDO $ II FONDOS SURA SAF,FONDOS SURA SAF,14/12/2023,$,103.0111567,2.47%,0.27%,,,,,"21,865,136.51",0.05%,128,0.03%,30/06/2024
40 - Inst Deuda Duración Flexibl S/,IF LIBRE DISPONIBILIDAD S/. INTERFONDO,INTERFONDO,7/5/15,S/.,0,,,,,-100.00%,2.73%,"1,586,762,920.43",3.89%,"36,555.00",8.14%,30/06/2024
40 - Inst Deuda Duración Flexibl S/,INTERFONDO-IF LIBRE DISPONIBILIDAD S/. SERIE A,INTERFONDO,7/5/15,S/.,133.9036,2.70%,6.39%,3.95%,0.52%,,,,,"36,164.00",8.05%,30/06/2024
40 - Inst Deuda Duración Flexibl S/,INTERFONDO-IF LIBRE DISPONIBILIDAD S/. SERIE B,INTERFONDO,7/5/15,S/.,134.5738,2.80%,6.54%,4.07%,0.64%,,,,,169,0.04%,30/06/2024
40 - Inst Deuda Duración Flexibl S/,INTERFONDO-IF LIBRE DISPONIBILIDAD S/. SERIE C,INTERFONDO,7/5/15,S/.,133.9094,,,,,,,,,222,0.05%,30/06/2024
40 - Inst Deuda Duración Flexibl S/,SURA DEUDA SOBER. DISTRIB. S/ FONDOS SURA SAF,FONDOS SURA SAF,26/04/2023,S/.,109.3914271,1.13%,4.73%,,,,,"37,470,755.08",0.09%,197,0.04%,30/06/2024
40 - Inst Deuda Duración Flexibl S/,SURA PLAZO DEFINIDO S/ III FONDOS SURA SAF,FONDOS SURA SAF,26/09/2023,S/.,105.7283849,3.68%,1.98%,,,,,"103,315,031.35",0.25%,23,0.01%,30/06/2024
40 - Inst Deuda Duración Flexibl S/,Sura Plazo Definido S/ IV FONDOS SURA SAF,FONDOS SURA SAF,17/05/2024,S/.,100.6332342,0.62%,,,,,,"115,219,923.63",0.28%,10,0.00%,30/06/2024
41 - Fondo Bursátil - ETF,VANECK EL DOORADO PERU ETF EL DORADO SAF,EL DORADO SAF,11/3/21,$,12.49149226,14.39%,29.15%,0.86%,-17.39%,,,"397,579,340.44",0.97%,1,0.00%,30/06/2024
42 - Instrumento de Deuda,BBVA DISTRIBUTIVO $ II CONTINENTAL FM,CONTINENTAL FM,2/4/24,$,101.4138412,0.95%,,,,,,"28,745,976.09",0.07%,82,0.02%,30/06/2024
42 - Instrumento de Deuda,BBVA SUPER DOLARES 15 CONTINENTAL FM,CONTINENTAL FM,26/04/2024,$,101.5542763,0.88%,,,,,,"107,653,253.78",0.26%,364,0.08%,30/06/2024
42 - Instrumento de Deuda,BBVA SUPER DOLARES 16 CONTINENTAL FM,CONTINENTAL FM,11/6/24,$,100.8568989,0.27%,,,,,,"105,865,877.53",0.26%,328,0.07%,30/06/2024
"IGBVL: 13,366.86",,,,,,,,,,,,,,,,
"ISBVL: 18,732.83",,,,,,,,,,,,,,,,
TIPOCAMBIO: 3.8347,,,,,,,,,,,,,,,,